--
-- PostgreSQL database dump
--

-- Dumped from database version 17.5 (Debian 17.5-1.pgdg120+1)
-- Dumped by pg_dump version 17.5

-- Started on 2025-08-18 02:19:11

SET statement_timeout = 0;
SET lock_timeout = 0;
SET idle_in_transaction_session_timeout = 0;
SET transaction_timeout = 0;
SET client_encoding = 'UTF8';
SET standard_conforming_strings = on;
SELECT pg_catalog.set_config('search_path', '', false);
SET check_function_bodies = false;
SET xmloption = content;
SET client_min_messages = warning;
SET row_security = off;

--
-- TOC entry 3395 (class 1262 OID 16384)
-- Name: games; Type: DATABASE; Schema: -; Owner: postgres
--

CREATE DATABASE games WITH TEMPLATE = template0 ENCODING = 'UTF8' LOCALE_PROVIDER = libc LOCALE = 'en_US.utf8';


ALTER DATABASE games OWNER TO postgres;

\connect games

SET statement_timeout = 0;
SET lock_timeout = 0;
SET idle_in_transaction_session_timeout = 0;
SET transaction_timeout = 0;
SET client_encoding = 'UTF8';
SET standard_conforming_strings = on;
SELECT pg_catalog.set_config('search_path', '', false);
SET check_function_bodies = false;
SET xmloption = content;
SET client_min_messages = warning;
SET row_security = off;

SET default_tablespace = '';

SET default_table_access_method = heap;

--
-- TOC entry 218 (class 1259 OID 16720)
-- Name: game; Type: TABLE; Schema: public; Owner: postgres
--

CREATE TABLE public.game (
    game_code bigint NOT NULL,
    mod_dt timestamp(6) without time zone,
    reg_dt timestamp(6) without time zone,
    description character varying(255) NOT NULL,
    name character varying(255) NOT NULL
);


ALTER TABLE public.game OWNER TO postgres;

--
-- TOC entry 3396 (class 0 OID 0)
-- Dependencies: 218
-- Name: COLUMN game.mod_dt; Type: COMMENT; Schema: public; Owner: postgres
--

COMMENT ON COLUMN public.game.mod_dt IS '업데이트 날짜 시간';


--
-- TOC entry 3397 (class 0 OID 0)
-- Dependencies: 218
-- Name: COLUMN game.reg_dt; Type: COMMENT; Schema: public; Owner: postgres
--

COMMENT ON COLUMN public.game.reg_dt IS '등록 날짜 시간';


--
-- TOC entry 3398 (class 0 OID 0)
-- Dependencies: 218
-- Name: COLUMN game.description; Type: COMMENT; Schema: public; Owner: postgres
--

COMMENT ON COLUMN public.game.description IS '게임 설명';


--
-- TOC entry 3399 (class 0 OID 0)
-- Dependencies: 218
-- Name: COLUMN game.name; Type: COMMENT; Schema: public; Owner: postgres
--

COMMENT ON COLUMN public.game.name IS '게임 이름';


--
-- TOC entry 217 (class 1259 OID 16719)
-- Name: game_game_code_seq; Type: SEQUENCE; Schema: public; Owner: postgres
--

ALTER TABLE public.game ALTER COLUMN game_code ADD GENERATED BY DEFAULT AS IDENTITY (
    SEQUENCE NAME public.game_game_code_seq
    START WITH 1
    INCREMENT BY 1
    NO MINVALUE
    NO MAXVALUE
    CACHE 1
);


--
-- TOC entry 220 (class 1259 OID 16728)
-- Name: ranking; Type: TABLE; Schema: public; Owner: postgres
--

CREATE TABLE public.ranking (
    ranking_uid bigint NOT NULL,
    mod_dt timestamp(6) without time zone,
    reg_dt timestamp(6) without time zone,
    member_id bigint NOT NULL,
    score integer NOT NULL,
    game_code bigint NOT NULL
);


ALTER TABLE public.ranking OWNER TO postgres;

--
-- TOC entry 3400 (class 0 OID 0)
-- Dependencies: 220
-- Name: COLUMN ranking.mod_dt; Type: COMMENT; Schema: public; Owner: postgres
--

COMMENT ON COLUMN public.ranking.mod_dt IS '업데이트 날짜 시간';


--
-- TOC entry 3401 (class 0 OID 0)
-- Dependencies: 220
-- Name: COLUMN ranking.reg_dt; Type: COMMENT; Schema: public; Owner: postgres
--

COMMENT ON COLUMN public.ranking.reg_dt IS '등록 날짜 시간';


--
-- TOC entry 3402 (class 0 OID 0)
-- Dependencies: 220
-- Name: COLUMN ranking.member_id; Type: COMMENT; Schema: public; Owner: postgres
--

COMMENT ON COLUMN public.ranking.member_id IS '회원 ID';


--
-- TOC entry 3403 (class 0 OID 0)
-- Dependencies: 220
-- Name: COLUMN ranking.score; Type: COMMENT; Schema: public; Owner: postgres
--

COMMENT ON COLUMN public.ranking.score IS '점수';


--
-- TOC entry 219 (class 1259 OID 16727)
-- Name: ranking_ranking_uid_seq; Type: SEQUENCE; Schema: public; Owner: postgres
--

ALTER TABLE public.ranking ALTER COLUMN ranking_uid ADD GENERATED BY DEFAULT AS IDENTITY (
    SEQUENCE NAME public.ranking_ranking_uid_seq
    START WITH 1
    INCREMENT BY 1
    NO MINVALUE
    NO MAXVALUE
    CACHE 1
);


--
-- TOC entry 222 (class 1259 OID 16734)
-- Name: room; Type: TABLE; Schema: public; Owner: postgres
--

CREATE TABLE public.room (
    room_uid bigint NOT NULL,
    mod_dt timestamp(6) without time zone,
    reg_dt timestamp(6) without time zone,
    is_joinable boolean NOT NULL,
    manager_id bigint,
    room_type character varying(255) NOT NULL,
    round_num integer NOT NULL
);


ALTER TABLE public.room OWNER TO postgres;

--
-- TOC entry 3404 (class 0 OID 0)
-- Dependencies: 222
-- Name: COLUMN room.mod_dt; Type: COMMENT; Schema: public; Owner: postgres
--

COMMENT ON COLUMN public.room.mod_dt IS '업데이트 날짜 시간';


--
-- TOC entry 3405 (class 0 OID 0)
-- Dependencies: 222
-- Name: COLUMN room.reg_dt; Type: COMMENT; Schema: public; Owner: postgres
--

COMMENT ON COLUMN public.room.reg_dt IS '등록 날짜 시간';


--
-- TOC entry 3406 (class 0 OID 0)
-- Dependencies: 222
-- Name: COLUMN room.is_joinable; Type: COMMENT; Schema: public; Owner: postgres
--

COMMENT ON COLUMN public.room.is_joinable IS '참여 가능 여부';


--
-- TOC entry 3407 (class 0 OID 0)
-- Dependencies: 222
-- Name: COLUMN room.manager_id; Type: COMMENT; Schema: public; Owner: postgres
--

COMMENT ON COLUMN public.room.manager_id IS '회원 ID';


--
-- TOC entry 3408 (class 0 OID 0)
-- Dependencies: 222
-- Name: COLUMN room.room_type; Type: COMMENT; Schema: public; Owner: postgres
--

COMMENT ON COLUMN public.room.room_type IS '방 타입';


--
-- TOC entry 3409 (class 0 OID 0)
-- Dependencies: 222
-- Name: COLUMN room.round_num; Type: COMMENT; Schema: public; Owner: postgres
--

COMMENT ON COLUMN public.room.round_num IS '라운드 수';


--
-- TOC entry 224 (class 1259 OID 16740)
-- Name: room_member; Type: TABLE; Schema: public; Owner: postgres
--

CREATE TABLE public.room_member (
    room_member_id bigint NOT NULL,
    is_ready boolean,
    user_id bigint,
    room_id bigint
);


ALTER TABLE public.room_member OWNER TO postgres;

--
-- TOC entry 223 (class 1259 OID 16739)
-- Name: room_member_room_member_id_seq; Type: SEQUENCE; Schema: public; Owner: postgres
--

ALTER TABLE public.room_member ALTER COLUMN room_member_id ADD GENERATED BY DEFAULT AS IDENTITY (
    SEQUENCE NAME public.room_member_room_member_id_seq
    START WITH 1
    INCREMENT BY 1
    NO MINVALUE
    NO MAXVALUE
    CACHE 1
);


--
-- TOC entry 221 (class 1259 OID 16733)
-- Name: room_room_uid_seq; Type: SEQUENCE; Schema: public; Owner: postgres
--

ALTER TABLE public.room ALTER COLUMN room_uid ADD GENERATED BY DEFAULT AS IDENTITY (
    SEQUENCE NAME public.room_room_uid_seq
    START WITH 1
    INCREMENT BY 1
    NO MINVALUE
    NO MAXVALUE
    CACHE 1
);


--
-- TOC entry 3383 (class 0 OID 16720)
-- Dependencies: 218
-- Data for Name: game; Type: TABLE DATA; Schema: public; Owner: postgres
--

COPY public.game (game_code, mod_dt, reg_dt, description, name) FROM stdin;
1	2025-08-11 22:30:14.979928	2025-08-11 22:30:14.979928	지정한 물건을 가져옵니다.	Bring It!
2	2025-08-11 22:30:14.979928	2025-08-11 22:30:14.979928	지정한 감정을 표현합니다.	Face It!
5	2025-08-11 22:30:14.979928	2025-08-11 22:30:14.979928	눈싸움	Blink Battle
7	2025-08-11 22:30:14.979928	2025-08-11 22:30:14.979928	금지어를 말하면 탈락합니다.	Trap Word
3	2025-08-11 22:30:14.979928	2025-08-11 22:30:14.979928	지정한 색과 가장 비슷한 물건을 가져옵니다.	Color Killer
10	2025-08-11 22:30:14.979928	2025-08-11 22:30:14.979928	얼굴로 캐릭터를 움직여 이동합니다.	Head Banging
4	2025-08-11 22:30:14.979928	2025-08-11 22:30:14.979928	지정한 키워드와 가장 유사하게 그림을 그립니다.	Draw It!
8	2025-08-11 22:30:14.979928	2025-08-11 22:30:14.979928	특정 초에 가장 근접하게 클릭합니다.	Time Sniper
9	2025-08-11 22:30:14.979928	2025-08-11 22:30:14.979928	화면이 바뀌는 시점에 가장 근접하게 클릭합니다.	The Fastest Finger
6	2025-08-11 22:30:14.979928	2025-08-11 22:30:14.979928	지정한 명대사와 가장 유사하게 따라합니다.	Sound It!
\.


--
-- TOC entry 3385 (class 0 OID 16728)
-- Dependencies: 220
-- Data for Name: ranking; Type: TABLE DATA; Schema: public; Owner: postgres
--

COPY public.ranking (ranking_uid, mod_dt, reg_dt, member_id, score, game_code) FROM stdin;
1	2025-08-16 02:30:33.035	2025-08-16 02:30:33.035	1	19	1
2	2025-08-16 02:30:33.035	2025-08-16 02:30:33.035	2	33	1
3	2025-08-16 02:30:33.035	2025-08-16 02:30:33.035	3	23	1
4	2025-08-16 02:30:33.035	2025-08-16 02:30:33.035	4	45	2
5	2025-08-16 02:30:33.035	2025-08-16 02:30:33.035	5	63	2
6	2025-08-16 02:30:33.035	2025-08-16 02:30:33.035	6	23	2
7	2025-08-16 02:30:33.035	2025-08-16 02:30:33.035	3	11	3
8	2025-08-16 02:30:33.035	2025-08-16 02:30:33.035	1	24	3
9	2025-08-16 02:30:33.035	2025-08-16 02:30:33.035	2	25	3
10	2025-08-16 02:30:33.035	2025-08-16 02:30:33.035	1	64	4
\.


--
-- TOC entry 3387 (class 0 OID 16734)
-- Dependencies: 222
-- Data for Name: room; Type: TABLE DATA; Schema: public; Owner: postgres
--

COPY public.room (room_uid, mod_dt, reg_dt, is_joinable, manager_id, room_type, round_num) FROM stdin;
677	2025-08-16 02:30:33.035069	2025-08-16 02:30:33.035069	t	5	random	5
678	2025-08-16 02:30:36.829922	2025-08-16 02:30:36.829922	t	5	random	5
624	2025-08-15 11:12:25.485479	2025-08-15 11:12:25.485479	t	5	custom	5
625	2025-08-15 11:22:29.141974	2025-08-15 11:17:44.808181	f	3	random	5
679	2025-08-16 02:30:53.850189	2025-08-16 02:30:44.264655	f	2	random	5
680	2025-08-16 02:33:29.987087	2025-08-16 02:33:29.987087	t	2	random	5
681	2025-08-16 02:33:47.106335	2025-08-16 02:33:32.722223	f	2	random	5
636	2025-08-15 18:14:05.955683	2025-08-15 16:08:53.248084	f	11	custom	5
682	2025-08-16 02:35:20.427435	2025-08-16 02:35:09.218162	f	5	random	5
683	2025-08-16 02:39:06.717238	2025-08-16 02:39:06.717238	t	5	random	5
685	2025-08-16 02:39:36.714498	2025-08-16 02:39:24.235075	f	5	random	5
641	2025-08-15 18:27:46.544175	2025-08-15 18:27:40.643099	f	5	random	5
629	2025-08-15 11:53:39.338977	2025-08-15 11:53:39.338977	t	11	random	5
643	2025-08-15 19:28:09.258841	2025-08-15 19:27:50.269876	f	5	random	5
686	2025-08-16 02:40:02.438357	2025-08-16 02:39:54.288335	f	2	random	5
630	2025-08-17 07:37:27.019738	2025-08-15 11:53:44.274384	f	11	random	5
644	2025-08-15 19:38:16.383528	2025-08-15 19:38:00.252321	f	5	random	5
645	2025-08-15 19:38:28.687342	2025-08-15 19:38:17.289117	f	2	random	5
646	2025-08-15 19:41:06.99518	2025-08-15 19:39:48.001505	f	2	random	5
647	2025-08-15 19:46:01.04786	2025-08-15 19:45:44.543503	f	5	random	5
648	2025-08-15 19:53:29.887643	2025-08-15 19:52:31.760644	f	2	random	5
649	2025-08-15 19:58:10.317402	2025-08-15 19:58:10.317402	t	5	random	5
650	2025-08-15 19:58:28.109284	2025-08-15 19:58:19.532586	f	2	random	5
651	2025-08-16 00:56:39.076271	2025-08-16 00:56:39.076271	t	2	random	5
652	2025-08-16 01:15:02.701458	2025-08-16 01:15:02.701458	t	2	random	5
622	2025-08-15 13:11:11.087118	2025-08-15 10:58:22.557771	f	2	random	5
632	2025-08-15 14:11:03.185307	2025-08-15 14:10:58.562058	f	1	custom	5
633	2025-08-15 14:19:26.749055	2025-08-15 14:19:23.424607	f	1	custom	5
634	2025-08-15 14:49:15.392983	2025-08-15 14:49:15.392983	t	5	custom	5
637	2025-08-15 16:35:53.889573	2025-08-15 16:35:53.889573	t	5	custom	5
654	2025-08-16 01:37:05.407877	2025-08-16 01:36:47.840746	f	2	random	5
626	2025-08-15 11:51:22.885469	2025-08-15 11:51:22.885469	f	11	random	5
656	2025-08-16 01:39:06.138374	2025-08-16 01:39:06.138374	t	2	random	5
640	2025-08-15 17:20:42.922097	2025-08-15 17:20:42.922097	t	5	random	5
658	2025-08-16 01:39:57.703097	2025-08-16 01:39:57.703097	t	11	custom	5
639	2025-08-15 17:30:23.268388	2025-08-15 17:13:56.414918	f	3	custom	5
687	2025-08-16 02:44:51.270297	2025-08-16 02:44:34.72466	f	5	random	5
659	2025-08-16 01:40:09.690777	2025-08-16 01:39:58.212128	f	2	random	5
655	2025-08-16 01:40:16.38305	2025-08-16 01:38:50.929979	f	3	custom	5
660	2025-08-16 01:41:18.625224	2025-08-16 01:41:09.007006	f	2	random	5
661	2025-08-16 01:42:58.472098	2025-08-16 01:42:58.472098	t	5	custom	5
662	2025-08-16 01:50:59.213153	2025-08-16 01:50:59.213153	t	5	random	5
663	2025-08-16 01:51:07.275998	2025-08-16 01:51:07.275998	t	5	random	5
664	2025-08-16 01:51:16.298481	2025-08-16 01:51:16.298481	t	5	random	5
665	2025-08-16 01:52:24.434983	2025-08-16 01:51:21.305576	f	2	random	5
666	2025-08-16 01:52:25.031953	2025-08-16 01:52:25.031953	t	2	random	5
667	2025-08-16 01:52:31.724388	2025-08-16 01:52:31.724388	t	2	random	5
668	2025-08-16 01:52:36.380486	2025-08-16 01:52:36.380486	t	5	random	5
669	2025-08-16 01:55:44.138309	2025-08-16 01:55:44.138309	t	5	random	5
670	2025-08-16 01:55:56.314794	2025-08-16 01:55:56.314794	t	5	random	5
671	2025-08-16 01:56:51.758512	2025-08-16 01:56:51.758512	t	2	random	5
672	2025-08-16 01:57:07.614207	2025-08-16 01:57:07.614207	t	5	random	5
673	2025-08-16 01:58:00.403509	2025-08-16 01:57:12.281196	f	5	random	5
674	2025-08-16 01:59:27.433484	2025-08-16 01:59:17.466433	f	2	random	5
675	2025-08-16 02:16:00.755226	2025-08-16 02:15:52.866358	f	3	custom	5
698	2025-08-16 03:05:25.717449	2025-08-16 03:05:16.808149	f	2	random	5
676	2025-08-16 02:26:49.012592	2025-08-16 02:26:35.340514	f	2	random	5
689	2025-08-16 02:46:26.229604	2025-08-16 02:46:26.229604	t	5	custom	5
690	2025-08-16 02:46:26.802429	2025-08-16 02:46:26.802429	t	5	random	5
688	2025-08-16 02:48:21.388341	2025-08-16 02:46:20.154058	f	2	random	5
691	2025-08-16 02:50:41.954918	2025-08-16 02:50:30.286378	f	5	random	5
692	2025-08-16 02:51:50.277675	2025-08-16 02:51:40.759091	f	2	random	5
693	2025-08-16 02:53:29.035346	2025-08-16 02:53:18.811944	f	2	random	5
694	2025-08-16 02:57:44.43726	2025-08-16 02:57:35.040584	f	2	random	5
696	2025-08-16 02:59:38.701712	2025-08-16 02:59:29.022371	f	5	random	5
697	2025-08-16 03:01:52.68558	2025-08-16 03:01:43.183305	f	2	random	5
699	2025-08-16 03:09:49.719031	2025-08-16 03:09:15.828568	f	2	random	5
700	2025-08-16 03:12:46.495772	2025-08-16 03:12:34.877751	f	2	random	5
701	2025-08-16 03:15:34.324435	2025-08-16 03:15:17.080232	f	2	random	5
702	2025-08-16 03:20:22.308379	2025-08-16 03:19:45.690228	f	2	random	5
703	2025-08-16 03:22:27.35697	2025-08-16 03:22:15.207222	f	2	random	5
704	2025-08-16 03:25:53.578765	2025-08-16 03:25:35.749748	f	2	random	5
705	2025-08-16 03:29:02.025462	2025-08-16 03:28:51.423926	f	5	random	5
706	2025-08-16 03:35:47.150973	2025-08-16 03:35:35.770685	f	2	random	5
707	2025-08-16 03:37:38.515746	2025-08-16 03:37:28.375142	f	2	random	5
708	2025-08-16 03:39:16.315308	2025-08-16 03:39:04.575523	f	2	random	5
709	2025-08-16 03:44:06.311557	2025-08-16 03:43:56.933206	f	2	random	5
710	2025-08-16 03:44:49.072056	2025-08-16 03:44:41.452457	f	2	random	5
711	2025-08-16 03:48:09.419213	2025-08-16 03:48:00.950634	f	2	random	5
712	2025-08-16 05:03:34.924604	2025-08-16 05:03:20.259616	f	2	random	5
713	2025-08-16 05:04:36.506108	2025-08-16 05:04:28.844612	f	2	random	5
714	2025-08-16 05:16:20.011364	2025-08-16 05:05:17.191909	f	2	random	5
716	2025-08-16 05:43:39.005518	2025-08-16 05:43:39.005518	t	5	random	5
717	2025-08-16 05:43:51.901548	2025-08-16 05:43:51.901548	t	2	random	5
718	2025-08-16 05:44:05.927539	2025-08-16 05:43:57.913183	f	5	random	5
628	2025-08-17 06:13:25.339407	2025-08-15 11:52:49.857505	f	11	random	5
642	2025-08-17 07:44:03.566086	2025-08-15 18:27:54.060469	f	5	random	5
653	2025-08-17 08:52:57.454168	2025-08-16 01:36:26.036799	f	2	random	5
657	2025-08-17 08:55:54.912841	2025-08-16 01:39:15.974582	f	2	random	5
684	2025-08-17 09:03:21.87768	2025-08-16 02:39:14.359319	f	5	random	5
695	2025-08-17 09:40:12.995537	2025-08-16 02:59:22.452327	f	2	random	5
715	2025-08-17 09:40:25.636902	2025-08-16 05:06:24.738868	f	5	random	5
1239	2025-08-17 12:08:16.339478	2025-08-17 12:08:04.465719	f	10	random	5
719	2025-08-16 05:44:50.593383	2025-08-16 05:44:43.187783	f	2	random	5
720	2025-08-16 05:51:01.820852	2025-08-16 05:50:50.204787	f	2	random	5
721	2025-08-16 05:53:58.275231	2025-08-16 05:53:51.610968	f	2	random	5
723	2025-08-16 05:54:52.078491	2025-08-16 05:54:52.078491	t	2	random	5
728	2025-08-16 05:56:14.173851	2025-08-16 05:55:56.546866	f	5	random	5
729	2025-08-16 06:00:33.704664	2025-08-16 06:00:25.216213	f	3	custom	5
733	2025-08-16 06:25:00.138604	2025-08-16 06:24:50.478527	f	2	random	5
730	2025-08-16 06:27:33.594878	2025-08-16 06:13:27.382634	f	3	custom	5
734	2025-08-16 06:28:57.08122	2025-08-16 06:28:57.08122	t	3	custom	5
735	2025-08-16 06:30:19.536116	2025-08-16 06:30:19.536116	t	3	custom	5
737	2025-08-16 06:31:33.408928	2025-08-16 06:31:23.206652	f	3	custom	5
1240	2025-08-17 12:08:25.907322	2025-08-17 12:08:21.91808	f	1	custom	5
739	2025-08-16 06:38:20.119457	2025-08-16 06:38:20.119457	t	3	custom	5
740	2025-08-16 06:38:27.333204	2025-08-16 06:38:27.333204	t	3	custom	5
742	2025-08-16 06:41:48.98376	2025-08-16 06:41:37.404668	f	3	custom	5
744	2025-08-16 06:51:48.14657	2025-08-16 06:51:48.14657	t	3	custom	5
745	2025-08-16 06:52:06.581046	2025-08-16 06:51:51.248694	f	11	custom	5
779	2025-08-16 10:04:27.77576	2025-08-16 10:04:27.77576	t	5	custom	5
746	2025-08-16 06:54:42.126661	2025-08-16 06:54:31.89532	f	11	custom	5
748	2025-08-16 06:55:00.602019	2025-08-16 06:54:55.988784	f	5	random	5
749	2025-08-16 06:55:32.038676	2025-08-16 06:55:32.038676	t	11	custom	5
751	2025-08-16 07:01:47.002436	2025-08-16 07:01:39.351267	f	11	custom	5
780	2025-08-16 10:04:38.424871	2025-08-16 10:04:38.424871	t	5	custom	5
753	2025-08-16 07:07:04.049884	2025-08-16 07:06:53.828537	f	3	custom	5
747	2025-08-16 07:07:24.230535	2025-08-16 06:54:38.652877	f	5	random	5
754	2025-08-16 07:07:25.521472	2025-08-16 07:07:16.944435	f	5	random	5
755	2025-08-16 07:08:40.573534	2025-08-16 07:08:40.573534	t	5	random	5
756	2025-08-16 07:08:57.906785	2025-08-16 07:08:47.817334	f	2	random	5
758	2025-08-16 07:10:04.36189	2025-08-16 07:09:56.645759	f	11	custom	5
760	2025-08-16 07:12:11.285982	2025-08-16 07:12:02.079511	f	11	custom	5
761	2025-08-16 07:14:14.193721	2025-08-16 07:14:14.193721	t	11	custom	5
763	2025-08-16 07:14:31.286052	2025-08-16 07:14:20.597446	f	3	custom	5
764	2025-08-16 08:22:05.112522	2025-08-16 08:21:34.031948	f	2	random	5
765	2025-08-16 08:32:08.42347	2025-08-16 08:32:08.42347	t	5	random	5
766	2025-08-16 08:33:47.590027	2025-08-16 08:32:16.87765	f	2	random	5
768	2025-08-16 08:42:30.006164	2025-08-16 08:42:20.795533	f	5	random	5
769	2025-08-16 08:43:40.482668	2025-08-16 08:43:40.482668	t	5	random	5
771	2025-08-16 08:49:23.301638	2025-08-16 08:49:14.216293	f	5	random	5
772	2025-08-16 09:42:07.093222	2025-08-16 09:42:07.093222	t	3	custom	5
773	2025-08-16 09:43:21.878488	2025-08-16 09:43:13.477171	f	11	custom	5
774	2025-08-16 09:44:17.940454	2025-08-16 09:44:17.940454	t	3	custom	5
775	2025-08-16 09:44:48.377983	2025-08-16 09:44:25.414103	f	3	custom	5
777	2025-08-16 09:48:57.749959	2025-08-16 09:48:36.053526	f	2	random	5
778	2025-08-16 09:51:00.962584	2025-08-16 09:51:00.962584	t	5	custom	5
782	2025-08-16 10:05:11.585337	2025-08-16 10:04:48.892425	f	2	random	5
784	2025-08-16 10:10:54.865092	2025-08-16 10:10:43.048791	f	2	random	5
786	2025-08-16 10:18:27.018571	2025-08-16 10:18:27.018571	t	5	random	5
788	2025-08-16 10:19:47.34284	2025-08-16 10:19:47.34284	t	10	random	5
789	2025-08-16 10:19:47.628129	2025-08-16 10:19:47.628129	t	10	random	5
790	2025-08-16 10:19:47.960083	2025-08-16 10:19:47.960083	t	10	random	5
793	2025-08-16 10:19:48.480072	2025-08-16 10:19:48.480072	t	10	random	5
795	2025-08-16 10:19:48.790532	2025-08-16 10:19:48.790532	t	10	random	5
796	2025-08-16 10:21:03.356424	2025-08-16 10:20:01.748317	f	10	random	5
800	2025-08-16 10:31:21.277449	2025-08-16 10:30:39.282531	f	2	random	5
801	2025-08-16 10:49:54.004731	2025-08-16 10:49:08.732022	f	5	random	5
802	2025-08-16 10:51:53.255489	2025-08-16 10:51:44.292271	f	10	random	5
804	2025-08-16 11:01:22.306493	2025-08-16 11:01:14.347359	f	10	random	5
803	2025-08-16 10:53:12.229874	2025-08-16 10:53:02.882735	f	10	random	5
805	2025-08-16 11:06:39.925488	2025-08-16 11:06:27.628842	f	5	random	5
806	2025-08-16 11:12:27.132024	2025-08-16 11:12:27.132024	t	5	random	5
807	2025-08-16 11:12:27.209763	2025-08-16 11:12:27.209763	t	5	random	5
808	2025-08-16 11:12:28.93342	2025-08-16 11:12:28.93342	t	5	random	5
809	2025-08-16 11:19:50.180156	2025-08-16 11:19:39.476426	f	5	random	5
810	2025-08-16 11:22:10.897181	2025-08-16 11:21:56.305645	f	2	random	5
811	2025-08-16 11:43:21.730091	2025-08-16 11:42:53.551365	f	5	random	5
812	2025-08-16 11:46:52.14266	2025-08-16 11:46:52.14266	t	5	random	5
813	2025-08-16 11:47:18.690036	2025-08-16 11:47:09.795563	f	2	random	5
814	2025-08-16 12:03:29.495474	2025-08-16 12:03:13.848495	f	2	random	5
815	2025-08-16 12:13:29.298942	2025-08-16 12:13:29.298942	t	5	random	5
816	2025-08-16 12:13:42.915483	2025-08-16 12:13:30.921279	f	5	random	5
818	2025-08-16 12:13:44.95972	2025-08-16 12:13:44.95972	t	5	random	5
817	2025-08-16 12:13:45.324753	2025-08-16 12:13:33.492917	f	5	random	5
819	2025-08-16 12:13:48.214496	2025-08-16 12:13:48.214496	t	5	random	5
820	2025-08-16 12:13:51.335967	2025-08-16 12:13:51.335967	t	5	random	5
821	2025-08-16 12:14:22.483423	2025-08-16 12:13:55.076907	f	5	random	5
822	2025-08-16 12:15:18.829326	2025-08-16 12:15:09.022332	f	2	random	5
722	2025-08-17 09:45:51.853267	2025-08-16 05:54:47.218446	f	2	random	5
724	2025-08-17 09:51:09.88144	2025-08-16 05:55:02.544235	f	5	random	5
725	2025-08-17 09:52:54.934216	2025-08-16 05:55:12.566068	f	2	random	5
726	2025-08-17 10:24:55.874109	2025-08-16 05:55:32.465439	f	2	random	5
727	2025-08-17 10:27:39.472204	2025-08-16 05:55:40.791186	f	2	random	5
731	2025-08-17 10:31:33.927859	2025-08-16 06:16:43.771604	f	5	random	5
732	2025-08-17 10:32:24.284276	2025-08-16 06:24:38.435301	f	5	random	5
767	2025-08-17 10:54:39.085317	2025-08-16 08:41:57.760107	f	2	random	5
770	2025-08-17 10:55:08.737436	2025-08-16 08:48:55.576984	f	2	random	5
776	2025-08-17 10:58:52.465076	2025-08-16 09:48:33.30699	f	2	random	5
783	2025-08-17 11:00:48.975616	2025-08-16 10:06:58.177089	f	2	random	5
781	2025-08-17 11:00:10.060673	2025-08-16 10:04:44.425866	f	2	random	5
785	2025-08-17 11:01:10.137467	2025-08-16 10:13:59.068569	f	5	random	5
791	2025-08-17 11:15:44.672012	2025-08-16 10:19:48.175587	f	10	random	5
792	2025-08-17 11:18:41.89444	2025-08-16 10:19:48.310751	f	10	random	5
794	2025-08-17 11:28:54.374323	2025-08-16 10:19:48.629252	f	10	random	5
799	2025-08-17 11:29:41.344893	2025-08-16 10:30:34.62092	f	2	random	5
823	2025-08-16 12:27:05.076478	2025-08-16 12:26:48.311004	f	5	random	5
824	2025-08-16 12:28:21.570941	2025-08-16 12:28:21.570941	t	5	random	5
825	2025-08-16 12:28:40.793282	2025-08-16 12:28:28.595657	f	2	random	5
826	2025-08-16 12:32:38.660037	2025-08-16 12:32:38.660037	t	11	custom	5
827	2025-08-16 12:32:47.326796	2025-08-16 12:32:47.326796	t	11	custom	5
1238	2025-08-17 12:08:12.145673	2025-08-17 12:08:03.07517	f	3	custom	5
829	2025-08-16 12:33:19.854649	2025-08-16 12:33:19.854649	t	3	custom	5
830	2025-08-16 12:34:10.733438	2025-08-16 12:34:10.733438	t	3	custom	5
831	2025-08-16 12:34:29.631607	2025-08-16 12:34:14.969216	f	2	random	5
832	2025-08-16 12:35:19.919056	2025-08-16 12:34:47.056425	f	3	custom	5
834	2025-08-16 12:35:31.403677	2025-08-16 12:35:31.403677	t	3	custom	5
833	2025-08-16 12:35:37.271594	2025-08-16 12:35:26.794392	f	2	random	5
835	2025-08-16 12:36:05.442399	2025-08-16 12:35:55.486377	f	2	random	5
837	2025-08-16 12:36:45.510584	2025-08-16 12:36:45.510584	t	2	random	5
838	2025-08-16 12:36:52.718966	2025-08-16 12:36:52.718966	t	3	custom	5
839	2025-08-16 12:39:26.562493	2025-08-16 12:38:48.95854	f	5	random	5
840	2025-08-16 12:43:44.787869	2025-08-16 12:43:44.787869	t	5	random	5
841	2025-08-16 12:45:31.195968	2025-08-16 12:44:26.662654	f	2	random	5
842	2025-08-16 13:00:18.772499	2025-08-16 13:00:18.772499	t	3	custom	5
843	2025-08-16 13:00:35.368072	2025-08-16 13:00:35.368072	t	3	custom	5
846	2025-08-16 13:10:46.018467	2025-08-16 13:10:46.018467	t	3	custom	5
852	2025-08-16 13:16:01.211339	2025-08-16 13:16:01.211339	t	3	custom	5
855	2025-08-16 13:22:04.599551	2025-08-16 13:21:52.180487	f	3	custom	5
856	2025-08-16 13:23:43.121228	2025-08-16 13:23:43.121228	t	5	random	5
857	2025-08-16 13:23:56.913326	2025-08-16 13:23:46.658759	f	2	random	5
858	2025-08-16 13:25:34.5323	2025-08-16 13:25:34.5323	t	3	custom	5
860	2025-08-16 13:26:25.900047	2025-08-16 13:26:17.876104	f	3	custom	5
861	2025-08-16 13:27:42.781374	2025-08-16 13:27:42.781374	t	2	random	5
862	2025-08-16 13:27:59.67854	2025-08-16 13:27:47.531564	f	2	random	5
863	2025-08-16 13:33:35.60578	2025-08-16 13:33:35.60578	t	2	random	5
864	2025-08-16 13:34:17.842309	2025-08-16 13:34:04.524959	f	2	random	5
865	2025-08-16 13:53:27.093972	2025-08-16 13:53:27.093972	t	3	custom	5
867	2025-08-16 13:54:17.657722	2025-08-16 13:54:06.627558	f	11	custom	5
868	2025-08-16 13:59:37.07785	2025-08-16 13:59:37.07785	t	2	random	5
869	2025-08-16 13:59:48.099542	2025-08-16 13:59:42.902052	f	2	random	5
870	2025-08-16 14:03:37.568671	2025-08-16 14:03:37.568671	t	2	random	5
871	2025-08-16 14:03:45.149432	2025-08-16 14:03:41.056389	f	2	random	5
872	2025-08-16 14:07:12.772646	2025-08-16 14:07:12.772646	t	11	custom	5
874	2025-08-16 14:07:32.012063	2025-08-16 14:07:22.511965	f	11	custom	5
876	2025-08-16 14:11:03.146412	2025-08-16 14:10:54.728657	f	3	custom	5
878	2025-08-16 14:17:33.536566	2025-08-16 14:17:25.496171	f	11	custom	5
880	2025-08-16 14:19:22.313678	2025-08-16 14:19:13.959074	f	3	custom	5
882	2025-08-16 14:24:02.532776	2025-08-16 14:23:54.5179	f	3	custom	5
883	2025-08-16 14:35:01.405004	2025-08-16 14:35:01.405004	t	3	custom	5
884	2025-08-16 14:35:06.272127	2025-08-16 14:35:06.272127	t	3	custom	5
886	2025-08-16 14:35:39.419353	2025-08-16 14:35:30.798897	f	11	custom	5
888	2025-08-16 14:39:29.173969	2025-08-16 14:39:29.173969	t	2	random	5
889	2025-08-16 14:39:41.728682	2025-08-16 14:39:33.452444	f	11	custom	5
890	2025-08-16 14:40:13.625215	2025-08-16 14:39:55.366895	f	2	random	5
891	2025-08-16 14:51:22.833497	2025-08-16 14:51:09.460736	f	5	random	5
892	2025-08-16 14:53:53.707653	2025-08-16 14:53:42.004099	f	5	random	5
893	2025-08-16 14:55:24.698492	2025-08-16 14:55:13.045492	f	5	random	5
894	2025-08-16 14:57:40.034406	2025-08-16 14:57:27.609503	f	5	random	5
895	2025-08-16 15:00:04.197722	2025-08-16 14:59:51.733503	f	5	random	5
896	2025-08-16 15:01:03.9046	2025-08-16 15:00:56.280282	f	5	random	5
897	2025-08-16 15:08:05.186932	2025-08-16 15:08:05.186932	t	5	random	5
898	2025-08-16 15:08:33.681052	2025-08-16 15:08:11.608503	f	5	random	5
899	2025-08-16 15:12:58.562322	2025-08-16 15:12:47.403444	f	11	custom	5
900	2025-08-16 15:16:05.975029	2025-08-16 15:16:05.975029	t	3	custom	5
901	2025-08-16 15:16:11.783935	2025-08-16 15:16:11.783935	t	3	custom	5
903	2025-08-16 15:16:34.748409	2025-08-16 15:16:27.42338	f	11	custom	5
905	2025-08-16 15:18:26.839996	2025-08-16 15:18:12.338421	f	11	custom	5
906	2025-08-16 15:22:30.834844	2025-08-16 15:21:58.855797	f	11	custom	5
907	2025-08-16 15:31:31.48648	2025-08-16 15:26:03.641501	f	11	custom	5
908	2025-08-16 15:33:06.376866	2025-08-16 15:32:53.560483	f	11	custom	5
909	2025-08-16 16:02:37.488077	2025-08-16 15:45:12.251271	f	11	custom	5
910	2025-08-16 16:03:58.300265	2025-08-16 16:03:48.411334	f	11	custom	5
911	2025-08-16 16:07:16.777396	2025-08-16 16:06:01.097549	f	11	custom	5
912	2025-08-16 16:07:48.83326	2025-08-16 16:07:40.71927	f	11	custom	5
913	2025-08-16 16:07:57.515322	2025-08-16 16:07:57.515322	t	11	custom	5
914	2025-08-16 16:08:10.900075	2025-08-16 16:07:59.677481	f	2	random	5
915	2025-08-16 16:08:16.688592	2025-08-16 16:08:03.33054	f	11	custom	5
916	2025-08-16 16:09:29.54037	2025-08-16 16:09:29.54037	t	5	random	5
917	2025-08-16 16:09:35.572854	2025-08-16 16:09:35.572854	t	5	random	5
918	2025-08-16 16:09:54.214781	2025-08-16 16:09:45.595539	f	2	random	5
919	2025-08-16 16:14:03.604943	2025-08-16 16:13:53.947163	f	11	custom	5
921	2025-08-16 16:16:49.35052	2025-08-16 16:16:33.378582	f	5	random	5
920	2025-08-16 16:16:58.199962	2025-08-16 16:16:04.112755	f	11	custom	5
923	2025-08-16 16:23:47.642016	2025-08-16 16:23:36.879964	f	5	random	5
924	2025-08-16 16:26:05.579322	2025-08-16 16:25:56.998251	f	5	random	5
925	2025-08-16 16:28:35.21419	2025-08-16 16:28:26.11349	f	5	random	5
926	2025-08-16 16:30:17.486311	2025-08-16 16:30:08.596403	f	5	random	5
927	2025-08-16 16:38:52.011043	2025-08-16 16:38:52.011043	t	2	random	5
928	2025-08-16 16:39:36.203913	2025-08-16 16:39:26.38684	f	2	random	5
922	2025-08-16 16:40:05.804491	2025-08-16 16:20:57.903062	f	11	custom	5
929	2025-08-16 16:47:16.064189	2025-08-16 16:47:16.064189	t	2	random	5
930	2025-08-16 16:47:37.160899	2025-08-16 16:47:21.585112	f	5	random	5
932	2025-08-16 16:51:38.14489	2025-08-16 16:51:38.14489	t	5	random	5
933	2025-08-16 16:51:41.176992	2025-08-16 16:51:41.176992	t	5	random	5
934	2025-08-16 16:52:11.587769	2025-08-16 16:52:11.587769	t	5	random	5
935	2025-08-16 16:52:17.813511	2025-08-16 16:52:17.813511	t	5	random	5
936	2025-08-16 16:52:54.454559	2025-08-16 16:52:29.064275	f	2	random	5
937	2025-08-16 16:54:20.28869	2025-08-16 16:54:20.28869	t	2	random	5
938	2025-08-16 16:54:24.588796	2025-08-16 16:54:24.588796	t	5	random	5
939	2025-08-16 16:54:43.579397	2025-08-16 16:54:34.344366	f	5	random	5
931	2025-08-16 16:54:45.631479	2025-08-16 16:48:10.836999	f	11	custom	5
940	2025-08-16 16:55:15.283948	2025-08-16 16:55:15.283948	t	5	random	5
941	2025-08-16 16:55:30.373733	2025-08-16 16:55:19.399184	f	5	random	5
942	2025-08-16 16:56:09.107281	2025-08-16 16:56:09.107281	t	5	random	5
943	2025-08-16 16:56:29.75675	2025-08-16 16:56:20.374798	f	2	random	5
944	2025-08-16 17:03:41.87786	2025-08-16 17:03:41.87786	t	5	random	5
945	2025-08-16 17:05:03.076416	2025-08-16 17:03:58.060102	f	5	random	5
946	2025-08-16 17:06:43.062771	2025-08-16 17:06:33.993907	f	5	random	5
947	2025-08-16 17:07:10.806497	2025-08-16 17:07:10.806497	t	5	random	5
948	2025-08-16 17:07:24.289556	2025-08-16 17:07:17.222551	f	5	random	5
949	2025-08-16 17:08:32.890516	2025-08-16 17:08:32.890516	t	5	random	5
950	2025-08-16 17:08:47.498882	2025-08-16 17:08:38.870239	f	2	random	5
951	2025-08-16 17:10:17.047127	2025-08-16 17:10:17.047127	t	5	random	5
952	2025-08-16 17:10:28.743637	2025-08-16 17:10:20.797559	f	2	random	5
953	2025-08-16 17:15:05.768986	2025-08-16 17:15:05.768986	t	5	random	5
954	2025-08-16 17:15:21.568207	2025-08-16 17:15:11.186756	f	2	random	5
955	2025-08-16 17:16:20.855608	2025-08-16 17:16:08.765848	f	11	custom	5
956	2025-08-16 17:43:46.348733	2025-08-16 17:17:16.434971	f	11	custom	5
958	2025-08-16 17:44:29.108576	2025-08-16 17:44:20.919942	f	11	custom	5
959	2025-08-16 17:53:58.807853	2025-08-16 17:53:49.07729	f	11	custom	5
960	2025-08-16 18:00:52.198435	2025-08-16 18:00:52.198435	t	5	random	5
961	2025-08-16 18:00:54.858038	2025-08-16 18:00:54.858038	t	5	random	5
962	2025-08-16 18:01:24.136252	2025-08-16 18:01:24.136252	t	5	random	5
963	2025-08-16 18:08:00.480131	2025-08-16 18:08:00.480131	t	5	random	5
964	2025-08-16 18:08:09.65258	2025-08-16 18:08:09.65258	t	5	random	5
965	2025-08-16 18:08:28.610971	2025-08-16 18:08:17.071489	f	5	random	5
966	2025-08-16 18:09:40.861727	2025-08-16 18:09:31.599408	f	5	random	5
967	2025-08-16 18:12:36.750016	2025-08-16 18:12:24.09108	f	5	random	5
968	2025-08-16 18:15:54.70074	2025-08-16 18:15:46.336076	f	5	random	5
969	2025-08-16 18:19:35.400967	2025-08-16 18:19:24.571343	f	5	random	5
970	2025-08-16 18:21:31.654337	2025-08-16 18:21:16.528768	f	11	custom	5
971	2025-08-16 18:22:57.367794	2025-08-16 18:22:48.861147	f	11	custom	5
972	2025-08-16 18:23:57.917792	2025-08-16 18:23:46.203322	f	11	custom	5
973	2025-08-16 18:24:30.055574	2025-08-16 18:24:15.094298	f	11	custom	5
974	2025-08-16 18:30:40.376935	2025-08-16 18:30:16.977594	f	11	custom	5
975	2025-08-16 18:31:07.126174	2025-08-16 18:30:50.801239	f	11	custom	5
977	2025-08-16 18:31:29.336676	2025-08-16 18:31:18.419342	f	11	custom	5
978	2025-08-16 18:34:58.061983	2025-08-16 18:31:54.92329	f	11	custom	5
979	2025-08-16 18:39:32.725708	2025-08-16 18:39:14.984504	f	11	custom	5
980	2025-08-16 18:45:43.542684	2025-08-16 18:45:43.542684	t	5	random	5
981	2025-08-16 18:46:11.26327	2025-08-16 18:45:47.248392	f	5	random	5
982	2025-08-16 19:02:35.798722	2025-08-16 19:02:35.798722	t	5	random	5
983	2025-08-16 19:02:49.279688	2025-08-16 19:02:49.279688	t	5	random	5
984	2025-08-16 19:03:21.644391	2025-08-16 19:03:10.537479	f	5	random	5
985	2025-08-16 19:07:27.852414	2025-08-16 19:07:27.852414	t	5	random	5
986	2025-08-16 19:08:53.083563	2025-08-16 19:08:53.083563	t	5	random	5
987	2025-08-16 19:09:05.889202	2025-08-16 19:08:56.00913	f	5	random	5
988	2025-08-16 19:12:59.406835	2025-08-16 19:12:43.138694	f	5	random	5
989	2025-08-16 19:16:02.91315	2025-08-16 19:15:51.647672	f	5	random	5
990	2025-08-16 19:17:22.512772	2025-08-16 19:17:11.203057	f	5	random	5
991	2025-08-16 19:28:52.612079	2025-08-16 19:28:38.593521	f	5	random	5
992	2025-08-16 19:30:56.716194	2025-08-16 19:30:45.933731	f	2	random	5
993	2025-08-16 19:32:10.175505	2025-08-16 19:31:57.159098	f	5	random	5
994	2025-08-16 19:36:26.844073	2025-08-16 19:36:15.280111	f	5	random	5
995	2025-08-16 19:41:04.599389	2025-08-16 19:41:04.599389	t	5	random	5
996	2025-08-16 19:41:48.278541	2025-08-16 19:41:40.694367	f	2	random	5
997	2025-08-17 00:16:33.41857	2025-08-17 00:16:33.41857	t	5	random	5
998	2025-08-17 00:21:43.42882	2025-08-17 00:21:15.692469	f	11	custom	5
999	2025-08-17 00:25:33.097526	2025-08-17 00:25:33.097526	t	11	custom	5
1001	2025-08-17 00:25:42.528803	2025-08-17 00:25:42.528803	t	11	custom	5
1000	2025-08-17 00:25:54.838554	2025-08-17 00:25:39.551227	f	5	random	5
1003	2025-08-17 00:26:12.109856	2025-08-17 00:26:03.221756	f	3	custom	5
1005	2025-08-17 00:26:56.418906	2025-08-17 00:26:47.788245	f	3	custom	5
1006	2025-08-17 00:28:47.712488	2025-08-17 00:28:47.712488	t	3	custom	5
1007	2025-08-17 00:30:45.413355	2025-08-17 00:30:04.900527	f	5	random	5
1009	2025-08-17 00:33:26.789689	2025-08-17 00:33:18.566372	f	5	random	5
1010	2025-08-17 00:43:59.6363	2025-08-17 00:43:59.6363	t	5	random	5
1011	2025-08-17 00:44:12.818118	2025-08-17 00:44:05.23494	f	2	random	5
1012	2025-08-17 00:58:45.730572	2025-08-17 00:58:45.730572	t	2	random	5
1013	2025-08-17 00:58:59.06651	2025-08-17 00:58:50.407709	f	5	random	5
1014	2025-08-17 01:26:31.863322	2025-08-17 01:26:31.863322	t	5	random	5
1015	2025-08-17 01:26:46.583695	2025-08-17 01:26:38.028063	f	2	random	5
1016	2025-08-17 01:31:30.015487	2025-08-17 01:31:20.503359	f	5	random	5
1017	2025-08-17 01:45:58.80252	2025-08-17 01:45:50.629643	f	5	random	5
1018	2025-08-17 01:49:50.594898	2025-08-17 01:49:26.908726	f	5	random	5
1019	2025-08-17 01:50:45.311329	2025-08-17 01:50:37.64924	f	5	random	5
1020	2025-08-17 01:52:17.44145	2025-08-17 01:52:09.173136	f	5	random	5
1021	2025-08-17 01:54:17.300594	2025-08-17 01:54:09.143365	f	5	random	5
1022	2025-08-17 02:01:25.72573	2025-08-17 02:01:17.730782	f	5	random	5
1023	2025-08-17 02:02:58.581572	2025-08-17 02:02:50.294643	f	5	random	5
1025	2025-08-17 02:05:28.965278	2025-08-17 02:05:28.965278	t	3	custom	5
1027	2025-08-17 02:05:54.586727	2025-08-17 02:05:46.32165	f	3	custom	5
1029	2025-08-17 02:07:20.585756	2025-08-17 02:07:12.567941	f	3	custom	5
1031	2025-08-17 02:07:40.187048	2025-08-17 02:07:40.187048	t	3	custom	5
1032	2025-08-17 02:07:57.024313	2025-08-17 02:07:49.893724	f	3	custom	5
1033	2025-08-17 02:08:20.917512	2025-08-17 02:08:20.917512	t	5	random	5
1034	2025-08-17 02:08:39.679	2025-08-17 02:08:27.966531	f	5	random	5
1035	2025-08-17 02:10:10.010683	2025-08-17 02:10:10.010683	t	5	random	5
1036	2025-08-17 02:10:26.049851	2025-08-17 02:10:15.762121	f	5	random	5
1037	2025-08-17 02:12:43.816975	2025-08-17 02:12:31.62418	f	5	random	5
1038	2025-08-17 02:28:46.600668	2025-08-17 02:28:46.600668	t	5	random	5
1039	2025-08-17 02:28:58.524063	2025-08-17 02:28:58.524063	t	5	random	5
1040	2025-08-17 02:29:12.108592	2025-08-17 02:29:02.735066	f	5	random	5
1041	2025-08-17 02:30:42.34053	2025-08-17 02:30:31.881094	f	5	random	5
1042	2025-08-17 02:32:54.109629	2025-08-17 02:32:54.109629	t	5	random	5
1043	2025-08-17 02:32:58.723547	2025-08-17 02:32:58.723547	t	2	random	5
1044	2025-08-17 02:33:12.306048	2025-08-17 02:33:02.436863	f	2	random	5
1046	2025-08-17 02:58:05.446705	2025-08-17 02:58:05.446705	t	3	custom	5
1048	2025-08-17 02:58:32.856524	2025-08-17 02:58:19.341278	f	3	custom	5
1050	2025-08-17 03:00:25.507575	2025-08-17 03:00:17.099609	f	3	custom	5
1052	2025-08-17 03:04:08.221309	2025-08-17 03:03:58.087726	f	3	custom	5
1053	2025-08-17 03:08:17.783426	2025-08-17 03:08:17.783426	t	3	custom	5
1055	2025-08-17 03:08:54.994112	2025-08-17 03:08:45.117122	f	3	custom	5
1057	2025-08-17 03:12:51.145033	2025-08-17 03:12:41.956574	f	3	custom	5
1058	2025-08-17 03:31:48.888916	2025-08-17 03:31:48.888916	t	3	custom	5
1061	2025-08-17 03:32:21.919833	2025-08-17 03:32:21.919833	t	3	custom	5
1063	2025-08-17 03:32:50.360659	2025-08-17 03:32:50.360659	t	11	custom	5
1065	2025-08-17 03:33:24.826951	2025-08-17 03:33:15.196482	f	3	custom	5
1067	2025-08-17 03:35:05.866965	2025-08-17 03:34:58.215213	f	3	custom	5
1068	2025-08-17 03:39:46.802263	2025-08-17 03:39:46.802263	t	3	custom	5
1070	2025-08-17 03:45:01.512241	2025-08-17 03:44:41.126529	f	5	random	5
1071	2025-08-17 03:46:30.240081	2025-08-17 03:45:57.695534	f	2	random	5
1072	2025-08-17 03:48:19.18452	2025-08-17 03:48:09.892486	f	2	random	5
1073	2025-08-17 03:48:22.339241	2025-08-17 03:48:22.339241	t	3	custom	5
1075	2025-08-17 03:48:48.116523	2025-08-17 03:48:40.073855	f	3	custom	5
1076	2025-08-17 03:50:31.270523	2025-08-17 03:50:21.941219	f	5	random	5
1077	2025-08-17 03:52:53.086677	2025-08-17 03:52:31.328604	f	5	random	5
1078	2025-08-17 03:55:11.834228	2025-08-17 03:55:02.826584	f	5	random	5
1079	2025-08-17 04:00:39.416878	2025-08-17 04:00:30.065766	f	5	random	5
1085	2025-08-17 04:09:01.149464	2025-08-17 04:09:01.149464	t	11	custom	5
1087	2025-08-17 04:09:24.477148	2025-08-17 04:09:24.477148	t	3	custom	5
1089	2025-08-17 04:09:45.192603	2025-08-17 04:09:36.682855	f	3	custom	5
1090	2025-08-17 04:12:00.712442	2025-08-17 04:11:52.738729	f	5	random	5
1092	2025-08-17 04:15:40.878694	2025-08-17 04:15:40.878694	t	3	custom	5
1091	2025-08-17 04:15:46.735385	2025-08-17 04:15:35.039742	f	2	random	5
1094	2025-08-17 04:16:12.534056	2025-08-17 04:16:04.790352	f	3	custom	5
1095	2025-08-17 04:19:05.002288	2025-08-17 04:18:57.730902	f	5	random	5
1096	2025-08-17 04:24:00.261369	2025-08-17 04:24:00.261369	t	5	random	5
1097	2025-08-17 04:24:13.095557	2025-08-17 04:24:04.34309	f	5	random	5
1098	2025-08-17 04:28:52.224488	2025-08-17 04:28:44.436697	f	5	random	5
1099	2025-08-17 04:33:33.731671	2025-08-17 04:33:33.731671	t	5	random	5
1100	2025-08-17 04:33:49.700332	2025-08-17 04:33:41.490569	f	2	random	5
1101	2025-08-17 04:38:45.018952	2025-08-17 04:38:28.207364	f	5	random	5
1103	2025-08-17 04:46:02.047224	2025-08-17 04:45:46.936072	f	5	random	5
1104	2025-08-17 04:53:31.405016	2025-08-17 04:53:31.405016	t	4	custom	5
1105	2025-08-17 05:20:58.742535	2025-08-17 05:20:58.742535	t	2	random	5
1109	2025-08-17 05:28:52.837024	2025-08-17 05:28:44.786297	f	3	custom	5
1111	2025-08-17 05:29:04.109471	2025-08-17 05:29:04.109471	t	5	random	5
1112	2025-08-17 05:29:41.795528	2025-08-17 05:29:33.19175	f	3	custom	5
1113	2025-08-17 05:32:12.173498	2025-08-17 05:32:12.173498	t	5	random	5
1114	2025-08-17 05:32:36.785217	2025-08-17 05:32:18.227925	f	2	random	5
1115	2025-08-17 05:33:41.809861	2025-08-17 05:33:41.809861	t	2	random	5
1116	2025-08-17 05:33:53.010386	2025-08-17 05:33:45.487554	f	2	random	5
1117	2025-08-17 05:37:04.055456	2025-08-17 05:37:04.055456	t	5	random	5
1118	2025-08-17 05:37:29.983971	2025-08-17 05:37:21.453172	f	5	random	5
1119	2025-08-17 06:08:36.977643	2025-08-17 06:08:36.977643	t	5	random	5
1120	2025-08-17 06:12:50.417144	2025-08-17 06:12:31.765222	f	3	custom	5
1122	2025-08-17 06:40:40.570522	2025-08-17 06:40:10.074575	f	11	custom	5
1124	2025-08-17 06:44:48.902296	2025-08-17 06:44:33.468143	f	11	custom	5
1127	2025-08-17 06:55:01.311222	2025-08-17 06:54:52.780597	f	11	custom	5
1129	2025-08-17 07:11:02.18397	2025-08-17 07:10:52.440652	f	3	custom	5
1132	2025-08-17 07:13:04.064736	2025-08-17 07:13:04.064736	t	3	custom	5
1133	2025-08-17 07:15:05.949587	2025-08-17 07:14:55.176916	f	3	custom	5
1134	2025-08-17 07:52:11.939202	2025-08-17 07:52:00.427211	f	1	custom	5
1136	2025-08-17 07:55:51.171679	2025-08-17 07:55:38.526043	f	3	custom	5
1138	2025-08-17 07:56:11.017508	2025-08-17 07:56:02.302695	f	3	custom	5
1140	2025-08-17 08:00:25.907751	2025-08-17 08:00:18.582097	f	11	custom	5
1142	2025-08-17 08:02:22.323963	2025-08-17 08:02:15.186621	f	3	custom	5
1143	2025-08-17 08:02:35.90367	2025-08-17 08:02:35.90367	t	3	custom	5
1144	2025-08-17 08:09:31.624925	2025-08-17 08:09:31.624925	t	3	custom	5
1146	2025-08-17 08:13:38.795407	2025-08-17 08:13:27.937078	f	3	custom	5
1148	2025-08-17 08:14:36.720059	2025-08-17 08:14:29.225198	f	3	custom	5
1150	2025-08-17 08:48:56.164611	2025-08-17 08:48:47.780743	f	3	custom	5
1152	2025-08-17 08:49:50.288928	2025-08-17 08:49:41.411931	f	3	custom	5
1154	2025-08-17 08:50:38.25593	2025-08-17 08:50:29.187133	f	3	custom	5
1156	2025-08-17 08:52:11.469727	2025-08-17 08:51:59.97801	f	3	custom	5
1157	2025-08-17 08:54:14.628894	2025-08-17 08:54:06.619891	f	3	custom	5
1159	2025-08-17 08:57:17.653315	2025-08-17 08:57:09.960922	f	3	custom	5
1162	2025-08-17 09:06:00.580216	2025-08-17 09:06:00.580216	t	3	custom	5
1160	2025-08-17 09:03:22.255939	2025-08-17 09:01:31.847026	f	3	custom	5
1163	2025-08-17 09:06:24.280869	2025-08-17 09:06:12.259201	f	3	custom	5
1165	2025-08-17 09:11:31.264408	2025-08-17 09:11:21.700253	f	11	custom	5
1170	2025-08-17 09:33:36.312046	2025-08-17 09:33:21.681174	f	3	custom	5
1180	2025-08-17 09:46:27.532178	2025-08-17 09:46:19.115424	f	3	custom	5
1182	2025-08-17 09:47:07.615267	2025-08-17 09:46:59.847228	f	3	custom	5
1184	2025-08-17 09:47:53.392897	2025-08-17 09:47:44.467768	f	3	custom	5
1187	2025-08-17 09:54:40.720894	2025-08-17 09:54:31.855768	f	3	custom	5
1193	2025-08-17 10:06:12.389509	2025-08-17 10:06:04.155617	f	3	custom	5
1195	2025-08-17 10:08:12.3479	2025-08-17 10:07:48.403542	f	3	custom	5
1200	2025-08-17 10:23:39.444594	2025-08-17 10:23:30.498862	f	3	custom	5
1202	2025-08-17 10:26:27.781045	2025-08-17 10:26:17.446997	f	11	custom	5
1204	2025-08-17 10:38:46.614214	2025-08-17 10:38:39.195653	f	3	custom	5
787	2025-08-17 11:08:13.008419	2025-08-16 10:18:34.869426	f	5	random	5
1205	2025-08-17 11:20:56.240085	2025-08-17 11:20:28.728545	f	3	custom	5
1241	2025-08-17 12:10:57.822962	2025-08-17 12:10:53.627136	f	1	custom	5
1207	2025-08-17 11:31:50.034542	2025-08-17 11:31:35.464733	f	3	custom	5
1209	2025-08-17 11:32:39.169095	2025-08-17 11:32:39.169095	t	2	random	5
1210	2025-08-17 11:32:55.017309	2025-08-17 11:32:55.017309	t	2	random	5
1211	2025-08-17 11:34:02.061714	2025-08-17 11:33:50.543925	f	10	custom	5
1212	2025-08-17 11:39:04.882092	2025-08-17 11:38:51.819911	f	10	custom	5
1213	2025-08-17 11:39:30.337579	2025-08-17 11:39:30.337579	t	10	custom	5
1214	2025-08-17 11:39:43.400343	2025-08-17 11:39:43.400343	t	2	random	5
1215	2025-08-17 11:39:53.067322	2025-08-17 11:39:53.067322	t	2	random	5
1243	2025-08-17 12:14:49.533443	2025-08-17 12:14:38.000678	f	3	custom	5
1218	2025-08-17 11:44:51.567105	2025-08-17 11:44:42.732449	f	3	custom	5
1244	2025-08-17 12:24:09.252884	2025-08-17 12:24:00.565002	f	5	random	5
1220	2025-08-17 11:46:16.158213	2025-08-17 11:46:08.643957	f	3	custom	5
1221	2025-08-17 11:47:31.388217	2025-08-17 11:46:58.679396	f	2	random	5
1222	2025-08-17 11:49:22.012416	2025-08-17 11:49:22.012416	t	3	custom	5
1223	2025-08-17 11:53:58.116211	2025-08-17 11:53:58.116211	t	2	custom	5
1224	2025-08-17 11:54:10.133141	2025-08-17 11:54:10.133141	t	2	custom	5
1225	2025-08-17 11:54:28.314689	2025-08-17 11:54:28.314689	t	2	custom	5
1226	2025-08-17 11:54:52.063932	2025-08-17 11:54:52.063932	t	10	custom	5
1227	2025-08-17 11:55:17.308337	2025-08-17 11:55:17.308337	t	2	random	5
1245	2025-08-17 12:25:51.054679	2025-08-17 12:25:51.054679	t	5	random	5
1229	2025-08-17 11:59:29.541641	2025-08-17 11:59:06.688699	f	10	custom	5
1246	2025-08-17 12:47:14.326353	2025-08-17 12:47:14.326353	t	3	custom	5
1231	2025-08-17 12:00:10.447014	2025-08-17 12:00:10.447014	t	5	random	5
1232	2025-08-17 12:01:26.248114	2025-08-17 12:00:26.201641	f	5	random	5
1233	2025-08-17 12:03:55.491186	2025-08-17 12:03:17.608639	f	3	custom	5
1234	2025-08-17 12:04:25.062261	2025-08-17 12:04:17.360131	f	10	random	5
1235	2025-08-17 12:05:20.234179	2025-08-17 12:05:09.158194	f	10	random	5
1236	2025-08-17 12:05:28.586263	2025-08-17 12:05:18.87359	f	3	custom	5
1247	2025-08-17 12:56:19.565611	2025-08-17 12:56:13.655114	f	2	random	5
1248	2025-08-17 12:57:25.028793	2025-08-17 12:57:25.028793	t	2	custom	5
1249	2025-08-17 12:59:11.163368	2025-08-17 12:59:11.163368	t	3	custom	5
1283	2025-08-17 13:32:57.205472	2025-08-17 13:32:57.205472	t	10	random	5
1250	2025-08-17 12:59:46.176784	2025-08-17 12:59:11.183882	f	3	custom	5
1251	2025-08-17 13:11:11.962071	2025-08-17 13:11:11.962071	t	11	custom	5
1252	2025-08-17 13:11:21.275054	2025-08-17 13:11:11.963009	f	11	custom	5
1254	2025-08-17 13:13:12.137389	2025-08-17 13:13:12.137389	t	11	custom	5
1255	2025-08-17 13:13:19.941973	2025-08-17 13:13:12.160228	f	11	custom	5
1256	2025-08-17 13:13:51.343608	2025-08-17 13:13:40.119933	f	9	custom	5
1257	2025-08-17 13:15:53.537272	2025-08-17 13:15:41.162507	f	9	custom	5
1259	2025-08-17 13:16:34.255259	2025-08-17 13:16:34.255259	t	5	random	5
1261	2025-08-17 13:16:35.644876	2025-08-17 13:16:35.644876	t	11	custom	5
1263	2025-08-17 13:16:42.495602	2025-08-17 13:16:42.495602	t	9	custom	5
1262	2025-08-17 13:16:44.292259	2025-08-17 13:16:35.659608	f	11	custom	5
1264	2025-08-17 13:16:58.474085	2025-08-17 13:16:58.474085	t	5	random	5
1265	2025-08-17 13:17:02.053152	2025-08-17 13:17:02.053152	t	5	random	5
1266	2025-08-17 13:17:05.481299	2025-08-17 13:17:05.481299	t	5	random	5
1269	2025-08-17 13:17:27.086916	2025-08-17 13:17:27.086916	t	9	custom	5
1270	2025-08-17 13:17:52.602637	2025-08-17 13:17:34.58132	f	5	random	5
1271	2025-08-17 13:19:09.437087	2025-08-17 13:19:09.437087	t	9	custom	5
1273	2025-08-17 13:20:28.453079	2025-08-17 13:20:17.19746	f	9	custom	5
1272	2025-08-17 13:20:29.973678	2025-08-17 13:19:29.874624	f	9	custom	5
1274	2025-08-17 13:22:25.795473	2025-08-17 13:22:25.795473	t	9	custom	5
1276	2025-08-17 13:23:50.099914	2025-08-17 13:23:41.298257	f	4	custom	5
1278	2025-08-17 13:25:44.969655	2025-08-17 13:25:36.800212	f	4	custom	5
1280	2025-08-17 13:26:25.508398	2025-08-17 13:26:20.339944	f	4	custom	5
1281	2025-08-17 13:26:45.822382	2025-08-17 13:26:45.822382	t	3	custom	5
1282	2025-08-17 13:26:56.221135	2025-08-17 13:26:45.822467	f	3	custom	5
1300	2025-08-17 14:20:14.304058	2025-08-17 14:19:15.59948	f	5	random	5
1284	2025-08-17 13:33:17.229873	2025-08-17 13:33:08.564142	f	5	random	5
1286	2025-08-17 13:38:42.92179	2025-08-17 13:38:42.92179	t	11	custom	5
1287	2025-08-17 13:38:59.317315	2025-08-17 13:38:59.317315	t	11	custom	5
1288	2025-08-17 13:39:07.099602	2025-08-17 13:38:59.317319	f	11	custom	5
1289	2025-08-17 13:42:50.463897	2025-08-17 13:42:41.247127	f	10	random	5
1291	2025-08-17 14:04:25.498064	2025-08-17 14:04:25.498064	t	11	custom	5
1294	2025-08-17 14:04:31.692024	2025-08-17 14:04:31.692024	t	3	custom	5
1293	2025-08-17 14:04:56.798039	2025-08-17 14:04:31.692	f	3	custom	5
1295	2025-08-17 14:05:32.135564	2025-08-17 14:05:32.135564	t	3	custom	5
1297	2025-08-17 14:05:48.501246	2025-08-17 14:05:38.974764	f	5	random	5
1298	2025-08-17 14:10:01.369338	2025-08-17 14:09:49.581668	f	5	random	5
1299	2025-08-17 14:11:58.327235	2025-08-17 14:11:58.327235	t	9	custom	5
1301	2025-08-17 14:23:32.784596	2025-08-17 14:23:32.784596	t	11	custom	5
1302	2025-08-17 14:23:52.248473	2025-08-17 14:23:32.784596	f	11	custom	5
1303	2025-08-17 14:24:38.992182	2025-08-17 14:23:35.711322	f	10	random	5
1304	2025-08-17 14:27:17.205238	2025-08-17 14:27:04.11775	f	8	custom	5
1305	2025-08-17 14:27:45.855839	2025-08-17 14:27:22.540727	f	5	random	5
1308	2025-08-17 14:28:18.955998	2025-08-17 14:28:08.005004	f	15	custom	5
1309	2025-08-17 14:28:48.718218	2025-08-17 14:28:38.02214	f	5	random	5
1311	2025-08-17 14:29:41.623255	2025-08-17 14:29:41.623255	t	11	custom	5
1312	2025-08-17 14:29:41.665272	2025-08-17 14:29:41.665272	t	11	custom	5
1313	2025-08-17 14:29:59.869378	2025-08-17 14:29:43.015189	f	8	custom	5
1314	2025-08-17 14:31:36.371636	2025-08-17 14:31:36.371636	t	5	random	5
1315	2025-08-17 14:32:32.144706	2025-08-17 14:32:25.30016	f	4	custom	5
1316	2025-08-17 14:32:44.78688	2025-08-17 14:32:44.78688	t	4	custom	5
1318	2025-08-17 14:34:50.555973	2025-08-17 14:34:40.752796	f	8	custom	5
1319	2025-08-17 14:37:02.439027	2025-08-17 14:36:50.176928	f	10	random	5
1320	2025-08-17 14:38:17.918087	2025-08-17 14:37:03.85845	f	8	custom	5
1322	2025-08-17 14:38:43.857809	2025-08-17 14:38:43.857809	t	9	custom	5
1323	2025-08-17 14:44:15.13407	2025-08-17 14:43:59.3931	f	5	random	5
1325	2025-08-17 14:48:02.141339	2025-08-17 14:47:45.63237	f	15	custom	5
1327	2025-08-17 14:48:59.157671	2025-08-17 14:48:45.047384	f	15	custom	5
1328	2025-08-17 14:58:32.443088	2025-08-17 14:58:32.443088	t	11	custom	5
1330	2025-08-17 14:58:32.45959	2025-08-17 14:58:32.45959	t	11	custom	5
1331	2025-08-17 14:58:59.110024	2025-08-17 14:58:59.110024	t	3	custom	5
1332	2025-08-17 14:59:07.177515	2025-08-17 14:58:59.110772	f	3	custom	5
1334	2025-08-17 15:31:00.595277	2025-08-17 15:31:00.595277	t	3	custom	5
1336	2025-08-17 15:33:02.046155	2025-08-17 15:33:02.046155	t	3	custom	5
1337	2025-08-17 15:33:10.749228	2025-08-17 15:33:10.749228	t	3	custom	5
1338	2025-08-17 15:33:10.749166	2025-08-17 15:33:10.749166	t	3	custom	5
1339	2025-08-17 15:33:15.235985	2025-08-17 15:33:15.235985	t	3	custom	5
1340	2025-08-17 15:33:45.810416	2025-08-17 15:33:15.249585	f	3	custom	5
1341	2025-08-17 15:34:05.750253	2025-08-17 15:34:05.750253	t	3	custom	5
1342	2025-08-17 15:34:05.775929	2025-08-17 15:34:05.775929	t	3	custom	5
1344	2025-08-17 15:34:07.050103	2025-08-17 15:34:07.050103	t	3	custom	5
1345	2025-08-17 15:34:17.219986	2025-08-17 15:34:17.219986	t	11	custom	5
1346	2025-08-17 15:34:28.491572	2025-08-17 15:34:17.23787	f	11	custom	5
1348	2025-08-17 15:40:13.812946	2025-08-17 15:40:13.812946	t	11	custom	5
1349	2025-08-17 15:40:26.800792	2025-08-17 15:40:26.800792	t	3	custom	5
1350	2025-08-17 15:40:39.109076	2025-08-17 15:40:26.800798	f	3	custom	5
1351	2025-08-17 15:45:21.802572	2025-08-17 15:45:21.802572	t	3	custom	5
1352	2025-08-17 15:45:21.804876	2025-08-17 15:45:21.804876	t	3	custom	5
1354	2025-08-17 15:45:25.314631	2025-08-17 15:45:25.314631	t	3	custom	5
1353	2025-08-17 15:45:25.314766	2025-08-17 15:45:25.314766	t	3	custom	5
1355	2025-08-17 15:48:29.095856	2025-08-17 15:48:29.095856	t	3	custom	5
1356	2025-08-17 15:48:29.096142	2025-08-17 15:48:29.096142	t	3	custom	5
1357	2025-08-17 15:48:33.475036	2025-08-17 15:48:33.475036	t	3	custom	5
1358	2025-08-17 15:48:44.308409	2025-08-17 15:48:44.308409	t	3	custom	5
1359	2025-08-17 15:55:10.933499	2025-08-17 15:55:10.933499	t	10	random	5
1360	2025-08-17 15:55:12.943519	2025-08-17 15:55:12.943519	t	5	random	5
1361	2025-08-17 16:02:43.629269	2025-08-17 16:02:43.629269	t	3	custom	5
1362	2025-08-17 16:02:43.630236	2025-08-17 16:02:43.630236	t	3	custom	5
1363	2025-08-17 16:03:02.525769	2025-08-17 16:02:43.652606	f	3	custom	5
1364	2025-08-17 16:08:20.373722	2025-08-17 16:08:20.373722	t	3	custom	5
1366	2025-08-17 16:08:36.942759	2025-08-17 16:08:36.942759	t	3	custom	5
1398	2025-08-17 17:12:40.636234	2025-08-17 17:12:40.636234	t	3	custom	5
1367	2025-08-17 16:08:44.715992	2025-08-17 16:08:36.942759	f	3	custom	5
1368	2025-08-17 16:11:10.893514	2025-08-17 16:11:10.893514	t	3	custom	5
1371	2025-08-17 16:12:29.783589	2025-08-17 16:12:29.783589	t	3	custom	5
1370	2025-08-17 16:12:36.877008	2025-08-17 16:12:29.783591	f	3	custom	5
1372	2025-08-17 16:18:37.314264	2025-08-17 16:18:37.314264	t	3	custom	5
1373	2025-08-17 16:18:37.314979	2025-08-17 16:18:37.314979	t	3	custom	5
1374	2025-08-17 16:25:22.440858	2025-08-17 16:25:22.440858	t	3	custom	5
1376	2025-08-17 16:27:26.186024	2025-08-17 16:27:26.186024	t	3	custom	5
1378	2025-08-17 16:27:32.734417	2025-08-17 16:27:32.734417	t	3	custom	5
1379	2025-08-17 16:27:39.929412	2025-08-17 16:27:32.734447	f	3	custom	5
1380	2025-08-17 16:44:16.64821	2025-08-17 16:44:16.64821	t	3	custom	5
1382	2025-08-17 16:44:26.384794	2025-08-17 16:44:26.384794	t	3	custom	5
1383	2025-08-17 16:44:33.397136	2025-08-17 16:44:26.384796	f	3	custom	5
1384	2025-08-17 17:02:04.383068	2025-08-17 17:02:04.383068	t	3	custom	5
1386	2025-08-17 17:02:14.251021	2025-08-17 17:02:14.251021	t	3	custom	5
1387	2025-08-17 17:02:22.496676	2025-08-17 17:02:14.259897	f	3	custom	5
1389	2025-08-17 17:06:31.11554	2025-08-17 17:06:31.11554	t	3	custom	5
1391	2025-08-17 17:06:41.197683	2025-08-17 17:06:41.197683	t	3	custom	5
1390	2025-08-17 17:06:49.432444	2025-08-17 17:06:41.197683	f	3	custom	5
1393	2025-08-17 17:10:14.039259	2025-08-17 17:10:14.039259	t	3	custom	5
1394	2025-08-17 17:10:22.401786	2025-08-17 17:10:22.401786	t	3	custom	5
1395	2025-08-17 17:10:30.468126	2025-08-17 17:10:22.402976	f	3	custom	5
1396	2025-08-17 17:12:30.286505	2025-08-17 17:12:30.286505	t	3	custom	5
1399	2025-08-17 17:12:48.775867	2025-08-17 17:12:40.636237	f	3	custom	5
1400	2025-08-17 17:14:40.969973	2025-08-17 17:14:40.969973	t	3	custom	5
1403	2025-08-17 17:14:56.361384	2025-08-17 17:14:56.361384	t	3	custom	5
1402	2025-08-17 17:15:03.39929	2025-08-17 17:14:56.361389	f	3	custom	5
\.


--
-- TOC entry 3389 (class 0 OID 16740)
-- Dependencies: 224
-- Data for Name: room_member; Type: TABLE DATA; Schema: public; Owner: postgres
--

COPY public.room_member (room_member_id, is_ready, user_id, room_id) FROM stdin;
2090	t	3	1120
2092	t	5	628
2113	t	3	1133
2114	t	9	1133
2119	t	9	642
2120	f	9	649
2262	t	11	1184
2261	t	3	1184
2263	t	2	723
2121	t	9	651
2359	f	10	795
2134	t	11	1142
2133	t	3	1142
2135	f	3	1143
2264	f	10	723
2145	f	2	629
2146	f	2	640
2147	f	2	649
2148	f	2	651
2149	f	2	652
2169	t	10	653
2171	t	11	1157
2170	t	3	1157
2190	f	2	668
2191	f	10	668
2192	f	10	669
2193	f	2	669
2194	f	2	670
2195	f	2	671
2196	f	2	672
2197	f	2	677
2198	f	2	678
2199	f	10	670
2200	f	10	671
2201	f	10	672
2202	f	10	677
2203	f	10	678
2204	f	10	680
2205	f	2	680
2271	t	3	1187
2206	t	2	683
2189	t	3	1160
2207	t	10	683
2210	t	2	684
2276	f	8	640
2209	t	10	684
2208	t	11	1160
2277	f	8	649
2279	f	8	651
2219	t	11	1165
2220	t	3	1165
2281	f	8	652
2237	f	10	690
2238	f	2	690
2240	t	2	695
2292	f	8	664
2295	f	8	666
2239	f	10	695
2298	f	8	669
2299	f	8	668
2248	f	2	716
2249	t	10	716
2250	f	10	717
2251	f	2	717
2252	t	2	722
2253	t	10	722
2300	f	8	670
2256	t	11	1180
2255	t	3	1180
2259	t	11	1182
2258	t	3	1182
2305	t	11	1200
2304	t	3	1200
2313	t	10	727
2316	t	2	732
2321	f	10	755
2322	f	2	755
2323	f	10	765
2324	f	2	765
2326	t	2	767
2325	t	10	767
2327	f	10	769
2329	f	2	769
2330	t	2	770
2328	t	10	770
2339	f	10	786
2340	f	2	786
2342	t	2	787
2341	t	10	787
2352	t	10	792
2351	t	2	792
2354	t	11	1205
2353	t	3	1205
2360	t	10	799
2385	t	10	1212
2386	f	10	1213
2387	f	2	1214
2388	f	10	870
2389	f	10	888
2390	f	2	1215
2401	f	2	1223
2403	f	10	1224
2412	f	10	927
2402	f	2	1224
2405	f	10	1225
2413	f	10	929
2414	f	10	932
2404	t	2	1225
2415	f	10	933
2408	f	10	897
2409	f	2	1227
2410	f	10	916
2411	f	10	917
2416	f	10	934
2418	f	10	937
2419	f	10	938
2420	f	10	940
2421	f	10	942
2422	f	10	944
2423	f	10	947
2424	f	10	949
2425	f	5	629
2426	f	5	640
2427	f	5	649
2428	f	5	651
2429	f	5	652
2430	f	5	656
2431	f	5	662
2432	f	5	663
2433	f	5	664
2434	f	5	666
2435	f	5	667
2091	t	11	1120
2104	t	3	1127
2103	t	11	1127
2272	t	11	1187
2283	f	8	656
2285	f	8	662
2122	t	1	1134
2288	f	8	663
2124	t	3	1136
2125	t	11	1136
2128	t	11	1138
2127	t	3	1138
2136	f	3	1144
2296	f	8	667
2139	t	11	1146
2138	t	3	1146
2152	t	11	1150
2151	t	3	1150
2155	t	11	1152
2154	t	3	1152
2159	t	11	1154
2158	t	3	1154
2162	t	11	1156
2161	t	3	1156
2165	f	10	629
2166	f	10	640
2167	f	10	649
2168	f	10	651
2163	t	2	653
2172	f	10	656
2173	f	2	656
2175	t	2	657
2174	t	10	657
2308	t	2	726
2177	t	3	1159
2178	t	11	1159
2307	t	10	726
2213	f	11	1162
2215	t	3	1163
2216	t	11	1163
2332	t	10	776
2331	t	2	776
2333	t	10	781
2334	t	2	781
2343	f	10	788
2344	f	2	788
2345	f	10	789
2346	f	2	789
2228	t	11	1170
2227	t	3	1170
2242	t	2	715
2243	t	10	715
2347	t	2	790
2355	f	2	793
2356	f	10	793
2364	t	11	1207
2362	t	3	1207
2365	f	2	795
2366	f	10	807
2367	f	2	1119
2368	f	10	808
2369	f	10	812
2370	f	10	815
2372	f	10	818
2373	f	10	819
2374	f	10	820
2376	f	10	824
2377	f	10	837
2378	f	10	840
2379	f	10	856
2380	f	10	861
2382	f	10	868
2384	t	2	1211
2383	t	10	1211
2394	t	11	1218
2393	t	3	1218
2396	t	3	1220
2399	t	10	1221
2398	t	2	1221
2400	f	3	1222
2407	f	2	1226
2417	f	10	935
2442	f	5	672
2444	f	10	960
2450	f	5	678
2453	f	5	690
2454	f	5	716
2455	f	5	717
2456	f	5	723
2457	f	5	755
2458	f	5	765
2460	f	5	786
2463	f	5	790
2465	f	5	795
2473	f	10	963
2474	f	10	964
2475	f	10	980
2479	f	10	985
2482	f	10	997
2483	f	10	1010
2488	f	10	1038
2490	f	10	1042
2493	f	10	1099
2496	f	10	1113
2498	f	10	1117
2500	f	10	1209
2503	f	10	1215
2504	f	10	1227
2505	f	10	1231
2506	t	10	1232
2478	t	5	1232
2508	t	11	1233
2507	t	3	1233
2511	t	10	1235
2514	t	11	1236
2516	t	3	1238
2517	t	10	1239
2519	t	5	1239
2520	t	1	1240
2523	t	3	1243
2525	t	5	1244
2526	t	10	1244
2527	f	5	1245
2529	f	2	1231
2530	f	2	1245
2531	t	2	1247
2532	f	2	1248
2533	f	3	1249
2535	t	11	1250
2534	t	3	1250
2540	f	11	1254
2116	f	9	629
2117	t	9	630
2266	t	2	724
2130	t	11	1140
2131	t	3	1140
2267	t	10	724
2142	t	11	1148
2141	t	3	1148
2156	f	10	652
2179	f	2	662
2180	f	10	662
2181	f	10	663
2182	f	2	663
2183	f	10	664
2184	f	2	664
2185	f	10	666
2186	f	2	666
2187	f	2	667
2188	f	10	667
2214	f	11	1162
2287	t	11	1193
2286	t	3	1193
2290	t	3	1195
2291	t	11	1195
2495	f	10	1111
2311	t	3	1202
2310	t	11	1202
2312	t	2	727
2315	t	10	731
2314	t	2	731
2317	t	10	732
2320	t	11	1204
2319	t	3	1204
2335	t	10	783
2336	t	2	783
2338	t	2	785
2337	t	10	785
2497	f	10	1115
2348	f	10	790
2350	t	2	791
2349	t	10	791
2357	t	2	794
2358	t	10	794
2371	f	2	1209
2375	f	2	1210
2381	f	10	863
2397	t	11	1220
2436	f	10	951
2437	f	10	953
2438	f	5	668
2439	f	5	669
2440	f	5	670
2441	f	5	671
2499	f	10	1119
2445	t	10	1229
2501	f	10	1210
2502	f	10	1214
2446	t	5	1229
2448	f	10	961
2449	f	5	677
2451	f	5	680
2452	f	5	683
2459	f	5	769
2461	f	5	788
2462	f	5	789
2464	f	5	793
2466	f	5	1209
2467	f	5	1210
2468	f	5	1214
2469	f	5	1215
2470	f	5	1227
2471	f	5	1231
2472	f	10	962
2476	f	10	982
2477	f	10	983
2480	f	10	986
2481	f	10	995
2484	f	10	1012
2485	f	10	1014
2486	f	10	1033
2487	f	10	1035
2489	f	10	1039
2491	f	10	1043
2492	f	10	1096
2494	f	10	1105
2510	t	5	1234
2509	t	10	1234
2512	t	5	1235
2513	t	3	1236
2518	t	11	1238
2521	t	1	1241
2524	t	11	1243
2528	f	3	1246
2536	f	11	1251
2538	t	3	1252
2537	t	11	1252
2542	t	3	1255
2541	t	11	1255
2544	t	4	1256
2543	t	9	1256
2548	f	5	1259
2546	t	4	1257
2545	t	9	1257
2550	f	11	1261
2553	f	2	1259
2551	t	11	1262
2552	t	3	1262
2554	f	9	1263
2556	f	9	1263
2557	f	5	1264
2558	f	5	1265
2560	f	5	1266
2564	f	10	1245
2566	f	10	1259
2567	f	9	1269
2568	f	10	1264
2569	f	10	1265
2572	f	4	1269
2573	f	10	1266
2571	t	5	1270
2574	t	10	1270
2576	t	9	1272
2575	f	9	1271
2578	t	9	1273
2577	t	4	1272
2579	t	9	1274
2582	t	4	1276
2583	t	9	1276
2095	t	3	1122
2094	t	11	1122
1684	t	11	908
1687	t	3	909
1691	t	3	911
1693	t	3	912
1714	t	5	923
1715	t	2	923
1716	t	5	924
1717	t	2	924
1718	t	5	925
1719	t	2	925
1722	f	2	927
1723	f	5	927
1725	t	5	928
1724	t	2	928
1713	t	11	922
1726	t	3	922
1727	f	2	929
1728	f	5	929
1729	t	5	930
1807	t	2	969
1806	t	5	969
1809	t	3	970
1808	t	11	970
1811	t	3	971
1810	t	11	971
1730	t	2	930
1733	f	5	932
1735	f	2	932
1734	t	5	933
1736	t	2	933
1743	f	2	937
1744	f	5	937
1745	f	5	938
1746	f	2	938
1747	t	5	939
1813	t	3	972
1812	t	11	972
1748	t	2	939
1731	t	11	931
1749	f	5	940
1750	f	2	940
1751	t	5	941
1752	t	2	941
1753	f	5	942
1754	f	2	942
1756	t	5	943
1755	t	2	943
1762	t	2	946
1770	t	5	950
1769	t	2	950
1771	f	5	951
1773	t	2	952
1780	t	3	955
1781	t	11	956
1785	t	3	958
1784	t	11	958
1798	f	2	964
1797	t	5	965
1799	t	2	965
1802	t	5	967
1805	t	2	968
1804	t	5	968
1815	t	3	973
1814	t	11	973
1817	t	3	974
1818	t	11	975
2098	t	3	1124
1821	t	11	977
1822	t	3	977
1824	t	3	978
1823	t	11	978
1826	t	3	979
1825	t	11	979
1830	f	5	982
1831	f	5	983
1832	f	2	982
1833	f	2	983
1834	t	5	984
1835	t	2	984
1842	t	5	988
1843	t	2	988
1844	t	5	989
1845	t	2	989
1846	t	5	990
1847	t	2	990
1852	t	5	993
1853	t	2	993
1856	t	5	995
1857	f	2	995
1859	t	5	996
1858	t	2	996
1863	f	2	997
1864	f	11	999
2097	t	11	1124
1867	f	11	1001
1865	t	5	1000
1868	t	2	1000
1876	t	11	1005
1875	t	3	1005
2106	t	3	1129
1881	t	5	1009
1882	t	2	1009
1886	t	5	1011
1887	f	2	1012
1888	f	5	1012
1889	t	5	1013
1890	t	2	1013
1891	f	5	1014
1892	f	2	1014
1894	t	5	1015
1893	t	2	1015
1895	t	5	1016
1896	t	2	1016
1897	t	5	1017
1898	t	2	1017
1899	t	5	1018
1900	t	2	1018
1901	t	5	1019
1902	t	2	1019
1904	t	2	1020
1903	t	5	1020
2107	t	11	1129
1906	t	2	1021
2112	f	11	1132
2118	f	9	640
1412	f	3	652
1414	f	3	656
1416	f	3	662
1417	f	3	663
1418	f	3	664
1419	f	3	666
1420	f	3	667
1425	t	2	801
1424	t	5	801
1429	t	5	802
1428	t	10	802
1430	t	10	803
1431	t	5	803
1435	t	10	804
1436	t	5	804
1439	t	10	805
1438	t	5	805
1440	f	5	806
1441	f	5	807
1442	f	10	806
1443	f	5	808
1444	f	2	806
1445	f	2	807
1447	f	2	808
1448	t	2	809
1446	t	5	809
1449	t	2	810
1450	t	5	810
1467	t	2	811
1466	t	5	811
1468	f	5	812
1469	f	2	812
1471	t	5	813
1470	t	2	813
1479	t	2	814
1480	t	5	814
1482	f	3	668
1493	f	5	815
1494	t	5	816
1495	f	5	817
1496	f	5	818
1497	f	5	819
1498	f	5	820
1500	f	2	815
1501	f	2	818
1502	f	2	819
1503	f	2	820
1504	t	2	821
1499	t	5	821
1505	f	11	668
1511	t	2	822
1512	t	5	822
1513	f	3	669
1523	f	11	669
1524	f	3	670
1526	t	2	823
1525	t	5	823
1527	f	5	824
1528	f	2	824
1530	t	5	825
1529	t	2	825
1531	f	11	670
1532	f	11	671
1554	t	2	833
1555	t	5	833
1557	f	11	834
1558	t	2	835
1539	f	3	671
1559	t	5	835
1542	f	11	826
1544	f	11	827
1547	f	3	829
1549	f	3	830
1550	t	2	831
1551	t	5	831
1552	t	3	832
1561	f	2	837
1562	f	3	838
1564	f	5	837
1566	t	2	839
1565	t	5	839
1567	f	5	840
1568	f	2	840
1569	t	2	841
1570	t	5	841
1571	f	3	842
1573	f	3	843
1575	f	3	843
1580	f	3	846
1591	f	3	852
1597	t	11	855
1596	t	3	855
1598	f	5	856
1599	f	2	856
1600	t	2	857
1601	t	5	857
1602	f	3	858
1605	t	11	860
1604	t	3	860
1606	f	2	861
1608	f	5	861
1609	t	5	862
1607	t	2	862
1610	f	2	863
1612	f	5	863
1611	t	2	864
1613	t	5	864
1614	f	3	865
1616	t	11	867
1617	t	3	867
1618	f	2	868
1619	t	2	869
1620	t	2	870
1621	t	2	871
1622	f	11	872
1624	t	11	874
1625	t	3	874
1628	t	11	876
1627	t	3	876
1630	t	11	878
1631	t	3	878
1634	t	11	880
1633	t	3	880
1636	t	3	882
1637	t	11	882
1638	f	3	883
1640	f	3	884
1642	t	11	886
1643	t	3	886
1683	t	3	907
1645	f	2	888
1646	t	11	889
1647	t	3	889
1648	f	5	868
1650	f	5	870
1651	f	5	888
1652	t	5	890
1649	t	2	890
1654	t	2	891
1653	t	5	891
1656	t	2	892
1655	t	5	892
1657	t	5	893
1658	t	2	893
1660	t	2	894
1659	t	5	894
1662	t	2	895
1661	t	5	895
1664	t	2	896
1663	t	5	896
1665	f	5	897
1667	f	2	897
1668	t	2	898
1666	t	5	898
1682	t	11	907
1669	t	11	899
1670	f	3	899
1671	f	3	900
1673	f	3	901
1686	t	11	909
1676	t	3	903
1675	t	11	903
1689	t	3	910
1688	t	11	910
1690	t	11	911
1692	t	11	912
1694	f	11	913
1695	t	2	914
1697	t	5	914
1699	t	3	915
1698	t	11	915
1700	f	5	916
1701	f	2	916
1702	f	5	917
1703	f	2	917
1705	t	5	918
1704	t	2	918
1707	t	3	919
1706	t	11	919
1710	t	2	921
1709	t	5	921
1712	t	3	920
1708	t	11	920
1720	t	5	926
1721	t	2	926
1737	f	5	934
1738	f	2	934
1739	f	5	935
1740	f	2	935
1742	t	5	936
1741	t	2	936
1732	t	3	931
1774	t	5	952
1775	f	5	953
1758	t	2	944
1757	t	5	944
1776	f	2	953
1778	t	5	954
1777	t	2	954
1759	t	5	945
1760	t	2	945
1761	t	5	946
1763	f	5	947
1764	f	2	947
1765	t	5	948
1766	t	2	948
1767	f	5	949
1768	f	2	949
1772	f	2	951
1779	t	11	955
1827	f	5	980
1782	f	3	956
1829	t	2	980
1787	t	3	959
1786	t	11	959
1788	f	5	960
1789	f	5	961
1790	f	5	962
1791	f	2	960
1792	f	2	961
1793	f	5	963
1794	f	5	964
1795	f	2	962
1796	f	2	963
1801	t	2	966
1800	t	5	966
1803	t	2	967
1816	t	11	974
1819	t	3	975
1828	t	5	981
1837	f	2	985
1839	t	5	987
1836	f	5	985
1838	f	5	986
1840	f	2	986
1841	t	2	987
1849	t	2	991
1848	t	5	991
1850	t	2	992
1851	t	5	992
1854	t	5	994
1855	t	2	994
1860	f	5	997
1861	t	11	998
1862	t	3	998
1872	t	11	1003
1871	t	3	1003
1877	f	3	1006
1878	t	5	1007
1879	t	2	1007
1883	f	5	1010
1884	f	2	1010
1885	t	2	1011
1905	t	5	1021
1907	t	5	1022
1908	t	2	1022
1909	t	5	1023
1910	t	2	1023
2088	t	8	628
2268	t	2	725
1913	f	3	1025
2269	t	10	725
1917	t	11	1027
1916	t	3	1027
1920	t	11	1029
1919	t	3	1029
1923	f	11	1031
1925	t	11	1032
1924	t	3	1032
1926	f	5	1033
1927	f	2	1033
1929	t	2	1034
1928	t	5	1034
1930	f	5	1035
1931	f	2	1035
1933	t	2	1036
1932	t	5	1036
1934	t	5	1037
1935	t	2	1037
1936	t	5	1038
1937	t	2	1038
1938	f	5	1039
1939	f	2	1039
1941	t	2	1040
1940	t	5	1040
1942	t	5	1041
1943	t	2	1041
1944	f	5	1042
1945	f	2	1042
1946	f	2	1043
1947	f	5	1043
1949	t	5	1044
1948	t	2	1044
1952	f	3	1046
1955	t	3	1048
1956	f	11	1048
1958	t	3	1050
1959	t	11	1050
1962	t	11	1052
1961	t	3	1052
1963	f	3	1053
1968	t	3	1055
1969	t	11	1055
1972	t	11	1057
1971	t	3	1057
1973	f	3	1058
1978	f	3	1061
1981	f	11	1063
1985	t	11	1065
1984	t	3	1065
1988	t	11	1067
1987	t	3	1067
1989	f	3	1068
1991	t	5	1070
1992	t	2	1070
1994	t	5	1071
1993	t	2	1071
1996	t	5	1072
1995	t	2	1072
1998	f	3	1073
2002	t	11	1075
2001	t	3	1075
2003	t	5	1076
2004	t	2	1076
2005	t	5	1077
2006	t	2	1077
2008	t	2	1078
2007	t	5	1078
2009	t	5	1079
2010	t	2	1079
2024	f	3	1085
2027	f	3	1087
2031	t	11	1089
2030	t	3	1089
2032	t	5	1090
2033	t	2	1090
2036	f	3	1092
2034	t	2	1091
2035	t	5	1091
2040	t	11	1094
2039	t	3	1094
2042	t	2	1095
2041	t	5	1095
2043	f	5	1096
2044	f	2	1096
2046	t	2	1097
2045	t	5	1097
2047	t	5	1098
2048	t	2	1098
2049	t	5	1099
2050	f	2	1099
2051	t	2	1100
2052	t	5	1100
2053	t	5	1101
2054	t	2	1101
2056	t	5	1103
2057	t	2	1103
2069	t	11	1109
2059	f	4	1104
2060	f	2	1105
2061	f	5	1105
2068	t	3	1109
2071	f	5	1111
2073	t	11	1112
2072	t	3	1112
2074	f	2	1111
2075	f	5	1113
2076	f	2	1113
2077	t	2	1114
2078	t	5	1114
2079	f	2	1115
2080	f	5	1115
2082	t	5	1116
2081	t	2	1116
2083	f	5	1117
2084	f	2	1117
2086	t	2	1118
2085	t	5	1118
2089	f	5	1119
2586	t	9	1278
2585	t	4	1278
2589	t	9	1280
2588	t	4	1280
2590	f	3	1281
2592	t	11	1282
2591	t	3	1282
2593	t	10	1283
2594	t	5	1283
2596	t	10	1284
2595	t	5	1284
2598	f	11	1286
2601	f	11	1287
2600	t	11	1288
2602	t	3	1288
2604	t	5	1289
2603	t	10	1289
2606	f	11	1291
2608	f	3	1294
2611	t	11	1293
2612	t	3	1293
2613	f	3	1295
2615	t	5	1297
2616	t	10	1297
2617	t	5	1298
2618	t	10	1298
2663	t	10	1319
2620	f	9	1299
2622	t	5	1300
2623	t	10	1300
2628	f	11	1301
2627	t	11	1302
2631	t	3	1302
2630	t	5	1303
2629	t	10	1303
2640	t	8	1304
2665	t	8	1320
2641	t	15	1304
2642	t	5	1305
2643	t	10	1305
2647	t	8	1308
2646	t	15	1308
2648	t	5	1309
2649	t	10	1309
2651	f	11	1311
2652	f	11	1312
2653	t	8	1313
2654	t	15	1313
2655	f	5	1314
2656	f	10	1314
2658	t	9	1315
2657	t	4	1315
2659	f	4	1316
2662	t	15	1318
2661	t	8	1318
2664	t	5	1319
2666	t	15	1320
2668	f	9	1322
2670	t	5	1323
2671	t	10	1323
2705	t	11	1350
2703	t	3	1350
2706	f	3	1351
2674	t	8	1325
2673	t	15	1325
2707	f	3	1352
2708	f	3	1354
2709	f	3	1353
2710	f	3	1355
2677	t	8	1327
2676	t	15	1327
2678	f	11	1328
2680	f	11	1330
2681	f	3	1331
2683	t	11	1332
2682	t	3	1332
2685	f	3	1334
2686	f	3	1336
2689	f	3	1337
2690	f	3	1338
2692	f	3	1339
2711	f	3	1356
2693	f	3	1340
2694	f	3	1341
2695	f	3	1342
2697	f	3	1344
2698	f	11	1345
2699	t	11	1346
2700	t	3	1346
2702	f	11	1348
2704	f	3	1349
2712	f	3	1357
2713	f	3	1358
2714	f	10	1359
2715	f	5	1359
2716	f	5	1360
2717	f	3	1362
2718	f	3	1361
2720	t	11	1363
2719	t	3	1363
2722	f	3	1364
2723	f	3	1366
2725	t	11	1367
2724	t	3	1367
2726	f	3	1368
2729	f	3	1371
2730	t	11	1370
2728	t	3	1370
2731	f	3	1372
2732	f	3	1373
2734	t	13	629
2735	f	14	629
2737	f	3	1374
2736	f	13	640
2740	f	3	1376
2743	f	3	1378
2745	t	11	1379
2744	t	3	1379
2746	f	3	1380
2748	f	3	1382
2750	t	11	1383
2749	t	3	1383
2751	f	3	1384
2753	f	3	1386
2755	t	11	1387
2754	t	3	1387
2757	f	3	1389
2758	f	3	1391
2760	t	11	1390
2759	t	3	1390
2762	f	3	1393
2763	f	3	1394
2765	t	11	1395
2764	t	3	1395
2766	f	3	1396
2769	f	3	1398
2770	t	11	1399
2768	t	3	1399
2771	f	3	1400
2773	f	3	1403
2775	t	11	1402
2774	t	3	1402
\.


--
-- TOC entry 3410 (class 0 OID 0)
-- Dependencies: 217
-- Name: game_game_code_seq; Type: SEQUENCE SET; Schema: public; Owner: postgres
--

SELECT pg_catalog.setval('public.game_game_code_seq', 10, true);


--
-- TOC entry 3411 (class 0 OID 0)
-- Dependencies: 219
-- Name: ranking_ranking_uid_seq; Type: SEQUENCE SET; Schema: public; Owner: postgres
--

SELECT pg_catalog.setval('public.ranking_ranking_uid_seq', 10, true);


--
-- TOC entry 3412 (class 0 OID 0)
-- Dependencies: 223
-- Name: room_member_room_member_id_seq; Type: SEQUENCE SET; Schema: public; Owner: postgres
--

SELECT pg_catalog.setval('public.room_member_room_member_id_seq', 2775, true);


--
-- TOC entry 3413 (class 0 OID 0)
-- Dependencies: 221
-- Name: room_room_uid_seq; Type: SEQUENCE SET; Schema: public; Owner: postgres
--

SELECT pg_catalog.setval('public.room_room_uid_seq', 1403, true);


--
-- TOC entry 3226 (class 2606 OID 16726)
-- Name: game game_pkey; Type: CONSTRAINT; Schema: public; Owner: postgres
--

ALTER TABLE ONLY public.game
    ADD CONSTRAINT game_pkey PRIMARY KEY (game_code);


--
-- TOC entry 3228 (class 2606 OID 16732)
-- Name: ranking ranking_pkey; Type: CONSTRAINT; Schema: public; Owner: postgres
--

ALTER TABLE ONLY public.ranking
    ADD CONSTRAINT ranking_pkey PRIMARY KEY (ranking_uid);


--
-- TOC entry 3234 (class 2606 OID 16744)
-- Name: room_member room_member_pkey; Type: CONSTRAINT; Schema: public; Owner: postgres
--

ALTER TABLE ONLY public.room_member
    ADD CONSTRAINT room_member_pkey PRIMARY KEY (room_member_id);


--
-- TOC entry 3232 (class 2606 OID 16738)
-- Name: room room_pkey; Type: CONSTRAINT; Schema: public; Owner: postgres
--

ALTER TABLE ONLY public.room
    ADD CONSTRAINT room_pkey PRIMARY KEY (room_uid);


--
-- TOC entry 3230 (class 2606 OID 16756)
-- Name: ranking uk_ranking_member_game; Type: CONSTRAINT; Schema: public; Owner: postgres
--

ALTER TABLE ONLY public.ranking
    ADD CONSTRAINT uk_ranking_member_game UNIQUE (member_id, game_code);


--
-- TOC entry 3235 (class 2606 OID 16745)
-- Name: ranking fk59n8kmg6da0qd3b2t5y72so3r; Type: FK CONSTRAINT; Schema: public; Owner: postgres
--

ALTER TABLE ONLY public.ranking
    ADD CONSTRAINT fk59n8kmg6da0qd3b2t5y72so3r FOREIGN KEY (game_code) REFERENCES public.game(game_code);


--
-- TOC entry 3236 (class 2606 OID 16750)
-- Name: room_member fklmp67erahqx7u5shbkc12p0lw; Type: FK CONSTRAINT; Schema: public; Owner: postgres
--

ALTER TABLE ONLY public.room_member
    ADD CONSTRAINT fklmp67erahqx7u5shbkc12p0lw FOREIGN KEY (room_id) REFERENCES public.room(room_uid);


-- Completed on 2025-08-18 02:19:12

--
-- PostgreSQL database dump complete
--

