--
-- PostgreSQL database dump
--

-- Dumped from database version 17.5 (Debian 17.5-1.pgdg120+1)
-- Dumped by pg_dump version 17.5

-- Started on 2025-08-18 02:18:31

SET statement_timeout = 0;
SET lock_timeout = 0;
SET idle_in_transaction_session_timeout = 0;
SET transaction_timeout = 0;
SET client_encoding = 'UTF8';
SET standard_conforming_strings = on;
SELECT pg_catalog.set_config('search_path', '', false);
SET check_function_bodies = false;
SET xmloption = content;
SET client_min_messages = warning;
SET row_security = off;

--
-- TOC entry 3493 (class 1262 OID 16384)
-- Name: users; Type: DATABASE; Schema: -; Owner: postgres
--

CREATE DATABASE users WITH TEMPLATE = template0 ENCODING = 'UTF8' LOCALE_PROVIDER = libc LOCALE = 'en_US.utf8';


ALTER DATABASE users OWNER TO postgres;

\connect users

SET statement_timeout = 0;
SET lock_timeout = 0;
SET idle_in_transaction_session_timeout = 0;
SET transaction_timeout = 0;
SET client_encoding = 'UTF8';
SET standard_conforming_strings = on;
SELECT pg_catalog.set_config('search_path', '', false);
SET check_function_bodies = false;
SET xmloption = content;
SET client_min_messages = warning;
SET row_security = off;

SET default_tablespace = '';

SET default_table_access_method = heap;

--
-- TOC entry 218 (class 1259 OID 16390)
-- Name: achievement; Type: TABLE; Schema: public; Owner: postgres
--

CREATE TABLE public.achievement (
    achievement_uid bigint NOT NULL,
    mod_dt timestamp(6) without time zone,
    reg_dt timestamp(6) without time zone,
    exp character varying(255) NOT NULL,
    name character varying(255) NOT NULL,
    item_id bigint
);


ALTER TABLE public.achievement OWNER TO postgres;

--
-- TOC entry 3494 (class 0 OID 0)
-- Dependencies: 218
-- Name: COLUMN achievement.mod_dt; Type: COMMENT; Schema: public; Owner: postgres
--

COMMENT ON COLUMN public.achievement.mod_dt IS '업데이트 날짜 시간';


--
-- TOC entry 3495 (class 0 OID 0)
-- Dependencies: 218
-- Name: COLUMN achievement.reg_dt; Type: COMMENT; Schema: public; Owner: postgres
--

COMMENT ON COLUMN public.achievement.reg_dt IS '등록 날짜 시간';


--
-- TOC entry 3496 (class 0 OID 0)
-- Dependencies: 218
-- Name: COLUMN achievement.exp; Type: COMMENT; Schema: public; Owner: postgres
--

COMMENT ON COLUMN public.achievement.exp IS '업적 설명';


--
-- TOC entry 3497 (class 0 OID 0)
-- Dependencies: 218
-- Name: COLUMN achievement.name; Type: COMMENT; Schema: public; Owner: postgres
--

COMMENT ON COLUMN public.achievement.name IS '업적 이름';


--
-- TOC entry 217 (class 1259 OID 16389)
-- Name: achievement_achievement_uid_seq; Type: SEQUENCE; Schema: public; Owner: postgres
--

ALTER TABLE public.achievement ALTER COLUMN achievement_uid ADD GENERATED BY DEFAULT AS IDENTITY (
    SEQUENCE NAME public.achievement_achievement_uid_seq
    START WITH 1
    INCREMENT BY 1
    NO MINVALUE
    NO MAXVALUE
    CACHE 1
);


--
-- TOC entry 220 (class 1259 OID 16398)
-- Name: achievement_member; Type: TABLE; Schema: public; Owner: postgres
--

CREATE TABLE public.achievement_member (
    achievement_member_id bigint NOT NULL,
    achievement_id bigint,
    member_id bigint
);


ALTER TABLE public.achievement_member OWNER TO postgres;

--
-- TOC entry 219 (class 1259 OID 16397)
-- Name: achievement_member_achievement_member_id_seq; Type: SEQUENCE; Schema: public; Owner: postgres
--

ALTER TABLE public.achievement_member ALTER COLUMN achievement_member_id ADD GENERATED BY DEFAULT AS IDENTITY (
    SEQUENCE NAME public.achievement_member_achievement_member_id_seq
    START WITH 1
    INCREMENT BY 1
    NO MINVALUE
    NO MAXVALUE
    CACHE 1
);


--
-- TOC entry 222 (class 1259 OID 16404)
-- Name: blocked_member; Type: TABLE; Schema: public; Owner: postgres
--

CREATE TABLE public.blocked_member (
    blocked_member_uid bigint NOT NULL,
    blocked_id bigint NOT NULL,
    blocker_id bigint NOT NULL
);


ALTER TABLE public.blocked_member OWNER TO postgres;

--
-- TOC entry 3498 (class 0 OID 0)
-- Dependencies: 222
-- Name: COLUMN blocked_member.blocked_id; Type: COMMENT; Schema: public; Owner: postgres
--

COMMENT ON COLUMN public.blocked_member.blocked_id IS '차단 대상 멤버';


--
-- TOC entry 3499 (class 0 OID 0)
-- Dependencies: 222
-- Name: COLUMN blocked_member.blocker_id; Type: COMMENT; Schema: public; Owner: postgres
--

COMMENT ON COLUMN public.blocked_member.blocker_id IS '차단자 멤버';


--
-- TOC entry 221 (class 1259 OID 16403)
-- Name: blocked_member_blocked_member_uid_seq; Type: SEQUENCE; Schema: public; Owner: postgres
--

ALTER TABLE public.blocked_member ALTER COLUMN blocked_member_uid ADD GENERATED BY DEFAULT AS IDENTITY (
    SEQUENCE NAME public.blocked_member_blocked_member_uid_seq
    START WITH 1
    INCREMENT BY 1
    NO MINVALUE
    NO MAXVALUE
    CACHE 1
);


--
-- TOC entry 236 (class 1259 OID 16525)
-- Name: day; Type: TABLE; Schema: public; Owner: postgres
--

CREATE TABLE public.day (
    day_uid bigint NOT NULL,
    mod_dt timestamp(6) without time zone,
    reg_dt timestamp(6) without time zone,
    date date NOT NULL,
    member_id bigint NOT NULL
);


ALTER TABLE public.day OWNER TO postgres;

--
-- TOC entry 3500 (class 0 OID 0)
-- Dependencies: 236
-- Name: COLUMN day.mod_dt; Type: COMMENT; Schema: public; Owner: postgres
--

COMMENT ON COLUMN public.day.mod_dt IS '업데이트 날짜 시간';


--
-- TOC entry 3501 (class 0 OID 0)
-- Dependencies: 236
-- Name: COLUMN day.reg_dt; Type: COMMENT; Schema: public; Owner: postgres
--

COMMENT ON COLUMN public.day.reg_dt IS '등록 날짜 시간';


--
-- TOC entry 3502 (class 0 OID 0)
-- Dependencies: 236
-- Name: COLUMN day.date; Type: COMMENT; Schema: public; Owner: postgres
--

COMMENT ON COLUMN public.day.date IS 'date';


--
-- TOC entry 235 (class 1259 OID 16524)
-- Name: day_day_uid_seq; Type: SEQUENCE; Schema: public; Owner: postgres
--

ALTER TABLE public.day ALTER COLUMN day_uid ADD GENERATED BY DEFAULT AS IDENTITY (
    SEQUENCE NAME public.day_day_uid_seq
    START WITH 1
    INCREMENT BY 1
    NO MINVALUE
    NO MAXVALUE
    CACHE 1
);


--
-- TOC entry 224 (class 1259 OID 16410)
-- Name: friend; Type: TABLE; Schema: public; Owner: postgres
--

CREATE TABLE public.friend (
    friend_uid bigint NOT NULL,
    mod_dt timestamp(6) without time zone,
    reg_dt timestamp(6) without time zone,
    is_accepted boolean,
    receiver_id bigint NOT NULL,
    sender_id bigint NOT NULL
);


ALTER TABLE public.friend OWNER TO postgres;

--
-- TOC entry 3503 (class 0 OID 0)
-- Dependencies: 224
-- Name: COLUMN friend.mod_dt; Type: COMMENT; Schema: public; Owner: postgres
--

COMMENT ON COLUMN public.friend.mod_dt IS '업데이트 날짜 시간';


--
-- TOC entry 3504 (class 0 OID 0)
-- Dependencies: 224
-- Name: COLUMN friend.reg_dt; Type: COMMENT; Schema: public; Owner: postgres
--

COMMENT ON COLUMN public.friend.reg_dt IS '등록 날짜 시간';


--
-- TOC entry 3505 (class 0 OID 0)
-- Dependencies: 224
-- Name: COLUMN friend.is_accepted; Type: COMMENT; Schema: public; Owner: postgres
--

COMMENT ON COLUMN public.friend.is_accepted IS '친구 요청 수락 여부';


--
-- TOC entry 3506 (class 0 OID 0)
-- Dependencies: 224
-- Name: COLUMN friend.receiver_id; Type: COMMENT; Schema: public; Owner: postgres
--

COMMENT ON COLUMN public.friend.receiver_id IS '친구 요청 수신자';


--
-- TOC entry 3507 (class 0 OID 0)
-- Dependencies: 224
-- Name: COLUMN friend.sender_id; Type: COMMENT; Schema: public; Owner: postgres
--

COMMENT ON COLUMN public.friend.sender_id IS '친구 요청 발신자';


--
-- TOC entry 223 (class 1259 OID 16409)
-- Name: friend_friend_uid_seq; Type: SEQUENCE; Schema: public; Owner: postgres
--

ALTER TABLE public.friend ALTER COLUMN friend_uid ADD GENERATED BY DEFAULT AS IDENTITY (
    SEQUENCE NAME public.friend_friend_uid_seq
    START WITH 1
    INCREMENT BY 1
    NO MINVALUE
    NO MAXVALUE
    CACHE 1
);


--
-- TOC entry 242 (class 1259 OID 16567)
-- Name: inventory; Type: TABLE; Schema: public; Owner: postgres
--

CREATE TABLE public.inventory (
    inventory_uid bigint NOT NULL,
    is_equipped boolean NOT NULL,
    item_id bigint NOT NULL,
    member_id bigint NOT NULL
);


ALTER TABLE public.inventory OWNER TO postgres;

--
-- TOC entry 241 (class 1259 OID 16566)
-- Name: inventory_inventory_uid_seq; Type: SEQUENCE; Schema: public; Owner: postgres
--

ALTER TABLE public.inventory ALTER COLUMN inventory_uid ADD GENERATED BY DEFAULT AS IDENTITY (
    SEQUENCE NAME public.inventory_inventory_uid_seq
    START WITH 1
    INCREMENT BY 1
    NO MINVALUE
    NO MAXVALUE
    CACHE 1
);


--
-- TOC entry 226 (class 1259 OID 16422)
-- Name: item; Type: TABLE; Schema: public; Owner: postgres
--

CREATE TABLE public.item (
    item_uid bigint NOT NULL,
    cost integer,
    name character varying(100) NOT NULL,
    item_category_id character varying(255)
);


ALTER TABLE public.item OWNER TO postgres;

--
-- TOC entry 3508 (class 0 OID 0)
-- Dependencies: 226
-- Name: COLUMN item.cost; Type: COMMENT; Schema: public; Owner: postgres
--

COMMENT ON COLUMN public.item.cost IS '아이템 금액';


--
-- TOC entry 3509 (class 0 OID 0)
-- Dependencies: 226
-- Name: COLUMN item.name; Type: COMMENT; Schema: public; Owner: postgres
--

COMMENT ON COLUMN public.item.name IS '아이템 이름';


--
-- TOC entry 227 (class 1259 OID 16427)
-- Name: item_category; Type: TABLE; Schema: public; Owner: postgres
--

CREATE TABLE public.item_category (
    category_code character varying(255) NOT NULL,
    name character varying(100) NOT NULL
);


ALTER TABLE public.item_category OWNER TO postgres;

--
-- TOC entry 3510 (class 0 OID 0)
-- Dependencies: 227
-- Name: COLUMN item_category.category_code; Type: COMMENT; Schema: public; Owner: postgres
--

COMMENT ON COLUMN public.item_category.category_code IS '아이템 카테고리 코드';


--
-- TOC entry 3511 (class 0 OID 0)
-- Dependencies: 227
-- Name: COLUMN item_category.name; Type: COMMENT; Schema: public; Owner: postgres
--

COMMENT ON COLUMN public.item_category.name IS '아이템 카테고리 이름';


--
-- TOC entry 238 (class 1259 OID 16536)
-- Name: item_file; Type: TABLE; Schema: public; Owner: postgres
--

CREATE TABLE public.item_file (
    item_file_uid bigint NOT NULL,
    mod_dt timestamp(6) without time zone,
    reg_dt timestamp(6) without time zone,
    item_id bigint,
    yolo_file_id bigint
);


ALTER TABLE public.item_file OWNER TO postgres;

--
-- TOC entry 3512 (class 0 OID 0)
-- Dependencies: 238
-- Name: COLUMN item_file.mod_dt; Type: COMMENT; Schema: public; Owner: postgres
--

COMMENT ON COLUMN public.item_file.mod_dt IS '업데이트 날짜 시간';


--
-- TOC entry 3513 (class 0 OID 0)
-- Dependencies: 238
-- Name: COLUMN item_file.reg_dt; Type: COMMENT; Schema: public; Owner: postgres
--

COMMENT ON COLUMN public.item_file.reg_dt IS '등록 날짜 시간';


--
-- TOC entry 237 (class 1259 OID 16535)
-- Name: item_file_item_file_uid_seq; Type: SEQUENCE; Schema: public; Owner: postgres
--

ALTER TABLE public.item_file ALTER COLUMN item_file_uid ADD GENERATED BY DEFAULT AS IDENTITY (
    SEQUENCE NAME public.item_file_item_file_uid_seq
    START WITH 1
    INCREMENT BY 1
    NO MINVALUE
    NO MAXVALUE
    CACHE 1
);


--
-- TOC entry 225 (class 1259 OID 16421)
-- Name: item_item_uid_seq; Type: SEQUENCE; Schema: public; Owner: postgres
--

ALTER TABLE public.item ALTER COLUMN item_uid ADD GENERATED BY DEFAULT AS IDENTITY (
    SEQUENCE NAME public.item_item_uid_seq
    START WITH 1
    INCREMENT BY 1
    NO MINVALUE
    NO MAXVALUE
    CACHE 1
);


--
-- TOC entry 229 (class 1259 OID 16433)
-- Name: item_member; Type: TABLE; Schema: public; Owner: postgres
--

CREATE TABLE public.item_member (
    item_member_uid bigint NOT NULL,
    is_equipped boolean NOT NULL,
    item_id bigint NOT NULL,
    member_id bigint NOT NULL
);


ALTER TABLE public.item_member OWNER TO postgres;

--
-- TOC entry 228 (class 1259 OID 16432)
-- Name: item_member_item_member_uid_seq; Type: SEQUENCE; Schema: public; Owner: postgres
--

ALTER TABLE public.item_member ALTER COLUMN item_member_uid ADD GENERATED BY DEFAULT AS IDENTITY (
    SEQUENCE NAME public.item_member_item_member_uid_seq
    START WITH 1
    INCREMENT BY 1
    NO MINVALUE
    NO MAXVALUE
    CACHE 1
);


--
-- TOC entry 231 (class 1259 OID 16439)
-- Name: member; Type: TABLE; Schema: public; Owner: postgres
--

CREATE TABLE public.member (
    member_uid bigint NOT NULL,
    mod_dt timestamp(6) without time zone,
    reg_dt timestamp(6) without time zone,
    coin integer NOT NULL,
    email character varying(45) NOT NULL,
    first_win_cnt integer NOT NULL,
    intro character varying(255),
    is_deleted boolean NOT NULL,
    name character varying(45) NOT NULL,
    nickname character varying(45) NOT NULL,
    nickname_modified_at timestamp(6) without time zone,
    password character varying(255),
    play_cnt integer NOT NULL,
    score integer NOT NULL,
    second_win_cnt integer NOT NULL,
    third_win_cnt integer NOT NULL,
    used_coin integer NOT NULL,
    xp integer NOT NULL,
    yolo_score integer NOT NULL
);


ALTER TABLE public.member OWNER TO postgres;

--
-- TOC entry 3514 (class 0 OID 0)
-- Dependencies: 231
-- Name: COLUMN member.mod_dt; Type: COMMENT; Schema: public; Owner: postgres
--

COMMENT ON COLUMN public.member.mod_dt IS '업데이트 날짜 시간';


--
-- TOC entry 3515 (class 0 OID 0)
-- Dependencies: 231
-- Name: COLUMN member.reg_dt; Type: COMMENT; Schema: public; Owner: postgres
--

COMMENT ON COLUMN public.member.reg_dt IS '등록 날짜 시간';


--
-- TOC entry 3516 (class 0 OID 0)
-- Dependencies: 231
-- Name: COLUMN member.coin; Type: COMMENT; Schema: public; Owner: postgres
--

COMMENT ON COLUMN public.member.coin IS '코인';


--
-- TOC entry 3517 (class 0 OID 0)
-- Dependencies: 231
-- Name: COLUMN member.email; Type: COMMENT; Schema: public; Owner: postgres
--

COMMENT ON COLUMN public.member.email IS '이메일';


--
-- TOC entry 3518 (class 0 OID 0)
-- Dependencies: 231
-- Name: COLUMN member.first_win_cnt; Type: COMMENT; Schema: public; Owner: postgres
--

COMMENT ON COLUMN public.member.first_win_cnt IS '1등 우승 횟수';


--
-- TOC entry 3519 (class 0 OID 0)
-- Dependencies: 231
-- Name: COLUMN member.intro; Type: COMMENT; Schema: public; Owner: postgres
--

COMMENT ON COLUMN public.member.intro IS '소개';


--
-- TOC entry 3520 (class 0 OID 0)
-- Dependencies: 231
-- Name: COLUMN member.is_deleted; Type: COMMENT; Schema: public; Owner: postgres
--

COMMENT ON COLUMN public.member.is_deleted IS '탈퇴 여부';


--
-- TOC entry 3521 (class 0 OID 0)
-- Dependencies: 231
-- Name: COLUMN member.name; Type: COMMENT; Schema: public; Owner: postgres
--

COMMENT ON COLUMN public.member.name IS '이름';


--
-- TOC entry 3522 (class 0 OID 0)
-- Dependencies: 231
-- Name: COLUMN member.nickname; Type: COMMENT; Schema: public; Owner: postgres
--

COMMENT ON COLUMN public.member.nickname IS '닉네임';


--
-- TOC entry 3523 (class 0 OID 0)
-- Dependencies: 231
-- Name: COLUMN member.nickname_modified_at; Type: COMMENT; Schema: public; Owner: postgres
--

COMMENT ON COLUMN public.member.nickname_modified_at IS '닉네임 마지막 변경 시각';


--
-- TOC entry 3524 (class 0 OID 0)
-- Dependencies: 231
-- Name: COLUMN member.password; Type: COMMENT; Schema: public; Owner: postgres
--

COMMENT ON COLUMN public.member.password IS '비밀번호';


--
-- TOC entry 3525 (class 0 OID 0)
-- Dependencies: 231
-- Name: COLUMN member.play_cnt; Type: COMMENT; Schema: public; Owner: postgres
--

COMMENT ON COLUMN public.member.play_cnt IS '전체 판 수';


--
-- TOC entry 3526 (class 0 OID 0)
-- Dependencies: 231
-- Name: COLUMN member.score; Type: COMMENT; Schema: public; Owner: postgres
--

COMMENT ON COLUMN public.member.score IS '전체 점수';


--
-- TOC entry 3527 (class 0 OID 0)
-- Dependencies: 231
-- Name: COLUMN member.second_win_cnt; Type: COMMENT; Schema: public; Owner: postgres
--

COMMENT ON COLUMN public.member.second_win_cnt IS '2등 우승 횟수';


--
-- TOC entry 3528 (class 0 OID 0)
-- Dependencies: 231
-- Name: COLUMN member.third_win_cnt; Type: COMMENT; Schema: public; Owner: postgres
--

COMMENT ON COLUMN public.member.third_win_cnt IS '3등 우승 횟수';


--
-- TOC entry 3529 (class 0 OID 0)
-- Dependencies: 231
-- Name: COLUMN member.used_coin; Type: COMMENT; Schema: public; Owner: postgres
--

COMMENT ON COLUMN public.member.used_coin IS '누적 사용 코인';


--
-- TOC entry 3530 (class 0 OID 0)
-- Dependencies: 231
-- Name: COLUMN member.xp; Type: COMMENT; Schema: public; Owner: postgres
--

COMMENT ON COLUMN public.member.xp IS '경험치';


--
-- TOC entry 3531 (class 0 OID 0)
-- Dependencies: 231
-- Name: COLUMN member.yolo_score; Type: COMMENT; Schema: public; Owner: postgres
--

COMMENT ON COLUMN public.member.yolo_score IS '칭찬 점수';


--
-- TOC entry 230 (class 1259 OID 16438)
-- Name: member_member_uid_seq; Type: SEQUENCE; Schema: public; Owner: postgres
--

ALTER TABLE public.member ALTER COLUMN member_uid ADD GENERATED BY DEFAULT AS IDENTITY (
    SEQUENCE NAME public.member_member_uid_seq
    START WITH 1
    INCREMENT BY 1
    NO MINVALUE
    NO MAXVALUE
    CACHE 1
);


--
-- TOC entry 232 (class 1259 OID 16446)
-- Name: member_roles; Type: TABLE; Schema: public; Owner: postgres
--

CREATE TABLE public.member_roles (
    member_member_uid bigint NOT NULL,
    roles character varying(255)
);


ALTER TABLE public.member_roles OWNER TO postgres;

--
-- TOC entry 234 (class 1259 OID 16450)
-- Name: verification_token; Type: TABLE; Schema: public; Owner: postgres
--

CREATE TABLE public.verification_token (
    token_uid bigint NOT NULL,
    code character varying(255) NOT NULL,
    email character varying(255) NOT NULL,
    expires_at timestamp(6) without time zone NOT NULL,
    used boolean NOT NULL
);


ALTER TABLE public.verification_token OWNER TO postgres;

--
-- TOC entry 233 (class 1259 OID 16449)
-- Name: verification_token_token_uid_seq; Type: SEQUENCE; Schema: public; Owner: postgres
--

ALTER TABLE public.verification_token ALTER COLUMN token_uid ADD GENERATED BY DEFAULT AS IDENTITY (
    SEQUENCE NAME public.verification_token_token_uid_seq
    START WITH 1
    INCREMENT BY 1
    NO MINVALUE
    NO MAXVALUE
    CACHE 1
);


--
-- TOC entry 240 (class 1259 OID 16542)
-- Name: yolo_file; Type: TABLE; Schema: public; Owner: postgres
--

CREATE TABLE public.yolo_file (
    yolo_file_uid bigint NOT NULL,
    mod_dt timestamp(6) without time zone,
    reg_dt timestamp(6) without time zone,
    modified_by bigint,
    registered_by bigint,
    ext character varying(255),
    name character varying(255),
    path character varying(255),
    type character varying(255)
);


ALTER TABLE public.yolo_file OWNER TO postgres;

--
-- TOC entry 3532 (class 0 OID 0)
-- Dependencies: 240
-- Name: COLUMN yolo_file.mod_dt; Type: COMMENT; Schema: public; Owner: postgres
--

COMMENT ON COLUMN public.yolo_file.mod_dt IS '업데이트 날짜 시간';


--
-- TOC entry 3533 (class 0 OID 0)
-- Dependencies: 240
-- Name: COLUMN yolo_file.reg_dt; Type: COMMENT; Schema: public; Owner: postgres
--

COMMENT ON COLUMN public.yolo_file.reg_dt IS '등록 날짜 시간';


--
-- TOC entry 3534 (class 0 OID 0)
-- Dependencies: 240
-- Name: COLUMN yolo_file.ext; Type: COMMENT; Schema: public; Owner: postgres
--

COMMENT ON COLUMN public.yolo_file.ext IS '파일 확장자';


--
-- TOC entry 3535 (class 0 OID 0)
-- Dependencies: 240
-- Name: COLUMN yolo_file.name; Type: COMMENT; Schema: public; Owner: postgres
--

COMMENT ON COLUMN public.yolo_file.name IS '파일 이름';


--
-- TOC entry 3536 (class 0 OID 0)
-- Dependencies: 240
-- Name: COLUMN yolo_file.path; Type: COMMENT; Schema: public; Owner: postgres
--

COMMENT ON COLUMN public.yolo_file.path IS '파일 경로';


--
-- TOC entry 3537 (class 0 OID 0)
-- Dependencies: 240
-- Name: COLUMN yolo_file.type; Type: COMMENT; Schema: public; Owner: postgres
--

COMMENT ON COLUMN public.yolo_file.type IS '파일 타입';


--
-- TOC entry 239 (class 1259 OID 16541)
-- Name: yolo_file_yolo_file_uid_seq; Type: SEQUENCE; Schema: public; Owner: postgres
--

ALTER TABLE public.yolo_file ALTER COLUMN yolo_file_uid ADD GENERATED BY DEFAULT AS IDENTITY (
    SEQUENCE NAME public.yolo_file_yolo_file_uid_seq
    START WITH 1
    INCREMENT BY 1
    NO MINVALUE
    NO MAXVALUE
    CACHE 1
);


--
-- TOC entry 3463 (class 0 OID 16390)
-- Dependencies: 218
-- Data for Name: achievement; Type: TABLE DATA; Schema: public; Owner: postgres
--

COPY public.achievement (achievement_uid, mod_dt, reg_dt, exp, name, item_id) FROM stdin;
1	2025-08-10 17:31:28.870296	2025-08-10 17:31:28.870296	누적 플레이 10회	입문자의 발걸음	1
2	2025-08-10 17:31:28.870296	2025-08-10 17:31:28.870296	누적 플레이 100회	전장의 베테랑	2
3	2025-08-10 17:31:28.870296	2025-08-10 17:31:28.870296	1등 10회	정상은 찍어봤다	3
4	2025-08-10 17:31:28.870296	2025-08-10 17:31:28.870296	1등 50회	내가 바로 최정상	4
5	2025-08-10 17:31:28.870296	2025-08-10 17:31:28.870296	2등 10회	아슬아슬한 실력	5
6	2025-08-10 17:31:28.870296	2025-08-10 17:31:28.870296	2등 50회	1위의 그늘	6
7	2025-08-10 17:31:28.870296	2025-08-10 17:31:28.870296	3등 10회	탑3 입성자	7
8	2025-08-10 17:31:28.870296	2025-08-10 17:31:28.870296	3등 50회	만년 3등	8
9	2025-08-10 17:31:28.870296	2025-08-10 17:31:28.870296	캐릭터 10종 보유	수집가의 눈빛	9
10	2025-08-10 17:31:28.870296	2025-08-10 17:31:28.870296	명찰 10종 보유	화려한 이름	10
11	2025-08-10 17:31:28.870296	2025-08-10 17:31:28.870296	칭호 10종 보유	이름값 한다	11
12	2025-08-10 17:31:28.870296	2025-08-10 17:31:28.870296	누적 사용 코인 10,000	갑부 되기	12
13	2025-08-10 17:31:28.870296	2025-08-10 17:31:28.870296	누적 사용 코인 100,000	과소비	13
14	2025-08-10 17:31:28.870296	2025-08-10 17:31:28.870296	누적 출석 7일	첫 걸음의 약속	14
15	2025-08-10 17:31:28.870296	2025-08-10 17:31:28.870296	누적 출석 30일	한 달의 인연	15
16	2025-08-10 17:31:28.870296	2025-08-10 17:31:28.870296	연속 출석 7일	아기 출석러	16
17	2025-08-10 17:31:28.870296	2025-08-10 17:31:28.870296	연속 출석 30일	끈질긴 출석러	17
18	2025-08-10 17:31:28.870296	2025-08-10 17:31:28.870296	연속 출석 100일	이걸?	18
\.


--
-- TOC entry 3465 (class 0 OID 16398)
-- Dependencies: 220
-- Data for Name: achievement_member; Type: TABLE DATA; Schema: public; Owner: postgres
--

COPY public.achievement_member (achievement_member_id, achievement_id, member_id) FROM stdin;
1	12	6
4	9	1
5	12	1
6	12	8
7	14	1
8	16	1
9	14	3
10	16	3
11	14	2
12	16	2
13	14	5
14	16	5
\.


--
-- TOC entry 3467 (class 0 OID 16404)
-- Dependencies: 222
-- Data for Name: blocked_member; Type: TABLE DATA; Schema: public; Owner: postgres
--

COPY public.blocked_member (blocked_member_uid, blocked_id, blocker_id) FROM stdin;
\.


--
-- TOC entry 3481 (class 0 OID 16525)
-- Dependencies: 236
-- Data for Name: day; Type: TABLE DATA; Schema: public; Owner: postgres
--

COPY public.day (day_uid, mod_dt, reg_dt, date, member_id) FROM stdin;
1	2025-08-10 05:02:40.01806	2025-08-10 05:02:40.01806	2025-08-10	2
2	2025-08-10 07:42:08.651029	2025-08-10 07:42:08.651029	2025-08-10	3
3	2025-08-10 08:20:59.76278	2025-08-10 08:20:59.76278	2025-08-10	1
4	2025-08-11 00:24:31.601874	2025-08-11 00:24:31.601874	2025-08-11	3
5	2025-08-11 01:08:16.737346	2025-08-11 01:08:16.737346	2025-08-11	6
6	2025-08-11 13:24:35.955978	2025-08-11 13:24:35.955978	2025-08-11	2
7	2025-08-11 13:26:12.124622	2025-08-11 13:26:12.124622	2025-08-11	4
8	2025-08-11 13:29:05.869303	2025-08-11 13:29:05.869303	2025-08-11	5
9	2025-08-11 15:04:55.017443	2025-08-11 15:04:55.017443	2025-08-11	1
10	2025-08-12 00:06:29.214632	2025-08-12 00:06:29.214632	2025-08-12	6
11	2025-08-12 00:19:22.048237	2025-08-12 00:19:22.048237	2025-08-12	3
12	2025-08-12 01:20:27.257318	2025-08-12 01:20:27.257318	2025-08-12	5
13	2025-08-12 05:36:56.818662	2025-08-12 05:36:56.818662	2025-08-12	1
14	2025-08-12 05:39:12.324563	2025-08-12 05:39:12.324563	2025-08-12	4
15	2025-08-12 06:08:16.306424	2025-08-12 06:08:16.306424	2025-08-12	2
16	2025-08-12 07:47:23.440014	2025-08-12 07:47:23.440014	2025-08-12	7
17	2025-08-13 01:36:49.296455	2025-08-13 01:36:49.296455	2025-08-13	3
18	2025-08-13 00:21:07.445066	2025-08-13 00:21:07.445066	2025-08-13	6
19	2025-08-13 00:21:25.448699	2025-08-13 00:21:25.448699	2025-08-13	1
20	2025-08-13 00:58:40.834096	2025-08-13 00:58:40.834096	2025-08-13	2
21	2025-08-13 01:05:58.982747	2025-08-13 01:05:58.982747	2025-08-13	5
22	2025-08-13 02:25:03.240285	2025-08-13 02:25:03.240285	2025-08-13	4
23	2025-08-14 00:00:33.809532	2025-08-14 00:00:33.809532	2025-08-14	3
24	2025-08-14 00:09:24.264213	2025-08-14 00:09:24.264213	2025-08-14	5
25	2025-08-14 00:13:21.203189	2025-08-14 00:13:21.203189	2025-08-14	6
26	2025-08-14 00:14:14.678748	2025-08-14 00:14:14.678748	2025-08-14	1
27	2025-08-14 03:02:37.992759	2025-08-14 03:02:37.992759	2025-08-14	2
28	2025-08-14 07:27:30.511705	2025-08-14 07:27:30.511705	2025-08-14	4
29	2025-08-14 07:34:19.625166	2025-08-14 07:34:19.625166	2025-08-14	8
30	2025-08-14 07:35:45.859967	2025-08-14 07:35:45.859967	2025-08-14	9
31	2025-08-15 00:18:56.899024	2025-08-15 00:18:56.899024	2025-08-15	3
32	2025-08-15 00:26:06.868286	2025-08-15 00:26:06.868286	2025-08-15	5
33	2025-08-15 01:57:06.231417	2025-08-15 01:57:06.231417	2025-08-15	2
34	2025-08-15 05:43:24.073495	2025-08-15 05:43:24.073495	2025-08-15	6
35	2025-08-15 05:43:31.199618	2025-08-15 05:43:31.199618	2025-08-15	1
36	2025-08-15 10:48:49.892204	2025-08-15 10:48:49.892204	2025-08-15	10
37	2025-08-15 11:16:29.540506	2025-08-15 11:16:29.540506	2025-08-15	11
38	2025-08-16 01:34:03.789576	2025-08-16 01:34:03.789576	2025-08-16	9
39	2025-08-16 05:16:36.343046	2025-08-16 05:16:36.343046	2025-08-16	1
40	2025-08-16 09:42:28.153041	2025-08-16 09:42:28.153041	2025-08-16	3
41	2025-08-16 09:43:05.712431	2025-08-16 09:43:05.712431	2025-08-16	11
42	2025-08-16 10:19:18.814728	2025-08-16 10:19:18.814728	2025-08-16	10
43	2025-08-16 10:31:14.835602	2025-08-16 10:31:14.835602	2025-08-16	8
44	2025-08-16 13:59:33.7948	2025-08-16 13:59:33.7948	2025-08-16	2
45	2025-08-16 14:39:43.670225	2025-08-16 14:39:43.670225	2025-08-16	5
46	2025-08-17 00:20:38.084953	2025-08-17 00:20:38.084953	2025-08-17	3
47	2025-08-17 00:21:02.630852	2025-08-17 00:21:02.630852	2025-08-17	11
48	2025-08-17 03:03:43.50133	2025-08-17 03:03:43.50133	2025-08-17	1
49	2025-08-17 05:22:21.947558	2025-08-17 05:22:21.947558	2025-08-17	2
50	2025-08-17 05:50:27.786058	2025-08-17 05:50:27.786058	2025-08-17	6
51	2025-08-17 06:07:43.131606	2025-08-17 06:07:43.131606	2025-08-17	8
52	2025-08-17 06:07:56.811707	2025-08-17 06:07:56.811707	2025-08-17	5
53	2025-08-17 07:14:34.137542	2025-08-17 07:14:34.137542	2025-08-17	9
54	2025-08-17 08:49:39.638718	2025-08-17 08:49:39.638718	2025-08-17	10
55	2025-08-17 09:42:18.535122	2025-08-17 09:42:18.535122	2025-08-17	13
56	2025-08-17 12:22:54.442338	2025-08-17 12:22:54.442338	2025-08-17	14
57	2025-08-17 13:13:13.536712	2025-08-17 13:13:13.536712	2025-08-17	4
58	2025-08-17 14:15:31.799559	2025-08-17 14:15:31.799559	2025-08-17	15
\.


--
-- TOC entry 3469 (class 0 OID 16410)
-- Dependencies: 224
-- Data for Name: friend; Type: TABLE DATA; Schema: public; Owner: postgres
--

COPY public.friend (friend_uid, mod_dt, reg_dt, is_accepted, receiver_id, sender_id) FROM stdin;
45	2025-08-15 15:05:44.862746	2025-08-15 15:05:36.099268	t	11	3
46	2025-08-17 07:01:41.55176	2025-08-17 07:01:41.55176	f	2	11
11	2025-08-11 03:09:39.557717	2025-08-11 02:32:16.451538	t	6	6
47	2025-08-17 07:14:47.613632	2025-08-17 07:14:34.259884	t	9	3
48	2025-08-17 11:58:54.780166	2025-08-17 11:58:39.922495	t	10	5
9	2025-08-12 05:39:34.225571	2025-08-11 02:32:03.398146	t	4	6
50	2025-08-17 13:13:31.425506	2025-08-17 13:13:23.533511	t	4	9
10	2025-08-12 06:13:18.516476	2025-08-11 02:32:12.520759	t	5	6
51	2025-08-17 14:26:56.469616	2025-08-17 14:26:47.380933	t	15	8
17	2025-08-12 18:21:26.916749	2025-08-12 15:39:34.025686	t	2	3
7	2025-08-12 18:21:27.581719	2025-08-11 02:31:54.044975	t	2	6
49	2025-08-17 16:23:20.07664	2025-08-17 12:23:17.614912	t	14	13
18	2025-08-13 14:32:42.120567	2025-08-12 18:56:49.454971	t	6	1
34	2025-08-14 01:14:46.013171	2025-08-14 01:14:35.863863	t	1	5
38	2025-08-14 07:35:03.674375	2025-08-14 07:34:53.056625	t	5	8
40	2025-08-14 07:35:14.147454	2025-08-14 07:35:09.352019	t	1	3
41	2025-08-14 07:37:09.923698	2025-08-14 07:36:24.642212	t	9	1
42	2025-08-15 05:46:09.522094	2025-08-15 05:46:09.522094	f	5	2
31	2025-08-15 05:46:13.801078	2025-08-14 00:54:42.388316	t	2	1
44	2025-08-15 10:55:47.873556	2025-08-15 10:55:38.021644	t	10	2
29	2025-08-15 13:38:56.817271	2025-08-14 00:24:02.959943	t	4	5
39	2025-08-15 13:39:01.034333	2025-08-14 07:34:54.001856	t	4	8
37	2025-08-15 13:39:01.393876	2025-08-14 07:33:59.529822	t	4	3
43	2025-08-15 13:39:01.70674	2025-08-15 05:46:23.729612	t	4	2
\.


--
-- TOC entry 3487 (class 0 OID 16567)
-- Dependencies: 242
-- Data for Name: inventory; Type: TABLE DATA; Schema: public; Owner: postgres
--

COPY public.inventory (inventory_uid, is_equipped, item_id, member_id) FROM stdin;
\.


--
-- TOC entry 3471 (class 0 OID 16422)
-- Dependencies: 226
-- Data for Name: item; Type: TABLE DATA; Schema: public; Owner: postgres
--

COPY public.item (item_uid, cost, name, item_category_id) FROM stdin;
1	\N	새싹 플레이어	BAD
2	\N	뉴비 탈출	BAD
3	\N	신예 챔피언	BAD
4	\N	랭킹의 제왕	BAD
5	\N	2등 전문점	BAD
6	\N	영원한 라이벌	BAD
7	\N	차분한 고수	BAD
8	\N	3등이 편해요	BAD
9	\N	캐릭터 덕후	BAD
10	\N	명찰 장인	BAD
11	\N	업적왕	BAD
12	\N	작은 부자	BAD
13	\N	과소비	BAD
14	\N	성실한 모험가	BAD
15	\N	꾸준함의 대명사	BAD
16	\N	출석러	BAD
17	\N	출석 새싹	BAD
18	\N	나 오늘도 왔다	BAD
19	1500	파도리	CHA
20	5000	파도리 잠옷(남)	CHA
21	5000	파도리 잠옷(여)	CHA
22	1500	모카곰	CHA
23	5000	모카곰 잠옷(남)	CHA
24	5000	모카곰 잠옷(여)	CHA
25	1500	솔솔	CHA
26	5000	솔솔 잠옷(남)	CHA
27	5000	솔솔 잠옷(여)	CHA
28	1500	또또	CHA
29	5000	또또 잠옷(남)	CHA
30	5000	또또 잠옷(여)	CHA
31	1500	미루	CHA
32	5000	미루 잠옷(남)	CHA
33	5000	미루 잠옷(여)	CHA
34	9900	루미아	CHA
35	\N	돌멩이	CHA
36	5000	파도리 병맛	CHA
37	1000	파란색 뱃지	TIT
38	1000	빨간색 뱃지	TIT
39	1000	노란색 뱃지	TIT
40	3000	구름 뱃지	TIT
41	3000	별 뱃지	TIT
42	3000	꽃 뱃지	TIT
43	3000	번개 뱃지	TIT
\.


--
-- TOC entry 3472 (class 0 OID 16427)
-- Dependencies: 227
-- Data for Name: item_category; Type: TABLE DATA; Schema: public; Owner: postgres
--

COPY public.item_category (category_code, name) FROM stdin;
TIT	명찰
BAD	칭호
CHA	캐릭터
\.


--
-- TOC entry 3483 (class 0 OID 16536)
-- Dependencies: 238
-- Data for Name: item_file; Type: TABLE DATA; Schema: public; Owner: postgres
--

COPY public.item_file (item_file_uid, mod_dt, reg_dt, item_id, yolo_file_id) FROM stdin;
1	\N	\N	19	15
2	\N	\N	19	16
3	\N	\N	20	17
4	\N	\N	20	18
5	\N	\N	21	19
6	\N	\N	21	20
7	\N	\N	22	7
8	\N	\N	22	8
9	\N	\N	23	9
10	\N	\N	23	10
11	\N	\N	24	11
12	\N	\N	24	12
13	\N	\N	25	22
14	\N	\N	25	23
15	\N	\N	26	24
16	\N	\N	26	25
17	\N	\N	27	26
18	\N	\N	27	27
19	\N	\N	28	1
20	\N	\N	28	2
21	\N	\N	29	3
22	\N	\N	29	4
23	\N	\N	30	5
24	\N	\N	30	6
25	\N	\N	31	30
26	\N	\N	31	31
27	\N	\N	32	32
28	\N	\N	32	33
29	\N	\N	33	34
30	\N	\N	33	35
31	\N	\N	34	28
32	\N	\N	34	29
34	\N	\N	35	13
35	\N	\N	36	21
33	\N	\N	35	14
36	\N	\N	37	36
37	\N	\N	38	37
38	\N	\N	39	39
39	\N	\N	40	38
40	\N	\N	41	40
41	\N	\N	42	41
42	\N	\N	43	42
\.


--
-- TOC entry 3474 (class 0 OID 16433)
-- Dependencies: 229
-- Data for Name: item_member; Type: TABLE DATA; Schema: public; Owner: postgres
--

COPY public.item_member (item_member_uid, is_equipped, item_id, member_id) FROM stdin;
12	f	24	1
19	f	38	1
23	f	31	1
33	f	35	1
7	t	19	1
14	f	25	1
15	f	26	1
22	t	40	1
13	f	37	1
16	f	27	1
17	f	28	1
25	t	30	8
28	t	12	8
26	t	40	8
27	f	42	8
10	f	23	1
29	t	23	3
30	t	38	3
20	t	25	2
21	t	40	2
24	t	12	1
8	f	20	1
31	f	14	1
32	f	16	1
34	f	35	2
35	f	35	3
36	f	35	4
37	f	35	5
39	f	35	7
40	f	35	8
42	f	35	10
44	t	35	12
45	f	14	3
46	f	16	3
47	f	14	2
48	f	16	2
49	f	14	5
50	f	16	5
43	t	35	11
41	t	35	9
11	f	22	1
51	f	34	1
9	f	21	1
38	t	35	6
\.


--
-- TOC entry 3476 (class 0 OID 16439)
-- Dependencies: 231
-- Data for Name: member; Type: TABLE DATA; Schema: public; Owner: postgres
--

COPY public.member (member_uid, mod_dt, reg_dt, coin, email, first_win_cnt, intro, is_deleted, name, nickname, nickname_modified_at, password, play_cnt, score, second_win_cnt, third_win_cnt, used_coin, xp, yolo_score) FROM stdin;
5	2025-08-03 13:42:50.676869	2025-08-03 13:42:50.676869	0	rladkgus01@gmail.com	1	 	f	김아현	흑염소	\N	$2a$10$MYdi0hpC.L/gDCFYMeAhF.wxUl1OX8xTYFCmZOhynpAHD1O.K2Cx2	10	564	1	1	0	0	0
8	2025-08-14 08:40:12.248631	2025-08-14 07:34:14.434625	19000	yunbal12345@naver.com	0		f	이유희	유히	\N	$2a$10$K6902z5ZRD9XecwfwrMvQugX2rHrLwcu1BT8RWT61Fcoai5krD.lm	0	0	0	0	11000	0	0
3	2025-08-15 01:54:59.81508	2025-08-10 07:31:14.235621	94000	micayell98@gmail.com	5		f	김창주	micayell	\N	$2a$10$a3zUMWfQuwULlH605PeGIuAO7JBnWOpRvgOlaQvy2LkURh9qtm9j.	23	624	2	5	8000	5000	0
10	2025-08-15 10:48:39.445751	2025-08-15 10:48:39.445751	0	icj0103@ajou.ac.kr	0		f	CJ	CJ	\N	$2a$10$QjLVB9d3N/wMEZGn7zlxjOl.abzqqfg1LIpVU1/CFu7fMeLVBavny	0	0	0	0	0	0	0
11	2025-08-15 11:16:15.394223	2025-08-15 11:16:15.394223	0	micayell98@naver.com	0		f	김창주	네마르	\N	$2a$10$h68pNwso.vdPHxK9MGdMI.60zAngxzIA885RN18D5idSWb7zgRtB6	0	0	0	0	0	0	0
12	2025-08-16 17:10:36.994836	2025-08-16 17:10:36.994836	0	211788@jnu.ac.kr	0	\N	f	김아현	아기염소	\N	$2a$10$ojl5UmKMEFr.fzmc6fGe3.IIUF9ZXEClVIJi/UQN3jtbiOzTa7qhO	0	0	0	0	0	0	0
1	2025-08-17 07:49:40.171812	2025-08-10 03:41:14.934083	21600	herdboy0531@gmail.com	1		f	허드보이	허드보이	\N	$2a$10$taqPkIcCG0RlAq8fAUyAaO0jB4LXmsyXZ30q3SIFykzQxSgwVTdmG	20	1809	0	0	20400	200	0
13	2025-08-17 09:42:05.060043	2025-08-17 09:42:05.060043	0	zz262zz@naver.com	0		f	이준익	준코	\N	$2a$10$V1l3.FqzINKlq3DyNdlozuraeqSAKL39Sx/473QAks0l409qzbP..	0	0	0	0	0	0	0
14	2025-08-17 09:43:18.628357	2025-08-17 09:43:18.628357	0	marmong9770@gmail.com	0		f	유재광	재코	\N	$2a$10$.XbF8HCg7MOHuvshwwqo2.IUpONTX.DWve3MB6TE2EEgqhdfP/vgm	0	0	0	0	0	0	0
2	2025-08-14 07:04:00.510872	2025-08-10 04:15:57.762965	5500	icj0103@gmail.com	0	hihi	f	chaejin	chaejin	\N	$2a$10$/o90V6l.UN3uUr0/TrfDB.FMQmn0gSzGkF8a/D9n6d9lQq2En1sI.	0	152	0	0	4500	0	0
4	2025-08-03 13:41:25.231284	2025-08-03 13:41:25.231284	0	regret027@naver.com	0		f	김아현	염소	\N	$2a$10$iSu6D9Q8doRyd3VJLSdVJ.75RCosqNwzQ8zQotSEUBsmFSUZddLyy	0	7542	0	0	0	0	0
6	2025-08-11 14:46:58.122798	2025-08-11 01:08:09.515391	0	qweiop2468@hanmail.net	0		f	qweiop2468@hanmail.net	귤뭉2	2025-08-11 14:46:58.115546	$2a$10$HsvHqS4RTN.bj7bJ15NkZuzc00C6LG.tO49MJinvtRbflITQoCGyS	0	3645	0	0	0	0	0
7	2025-08-12 07:47:12.791914	2025-08-12 07:47:12.791914	0	sangje112@naver.com	0		f	JeBread	빵야빵야	\N	$2a$10$J5fa2ZI5iL9pBKvZxO2kYuucYfm5Uad49D6lCHy8Lwgg/F9ZWuBEW	0	5634	0	0	0	0	0
15	2025-08-17 14:15:22.068531	2025-08-17 14:15:22.068531	0	202111612@jbnu.ac.kr	0		f	이유희	이유히	\N	$2a$10$AWUnrg9fKu/pdjeJ4/aKNeSCsRwer3fKkiwKRxQmcq08OrBWb2oKO	0	0	0	0	0	0	0
9	2025-08-14 07:35:39.101124	2025-08-14 07:35:39.101124	0	zxcvting1@gmail.com	0		f	윤참치	지상최강의사나이	\N	$2a$10$Pxk8bcVKsmJfTiEdWjZPuOSCCuRxJsJlw9cBy44WQKO28WJ1Nr6oi	0	3020	0	0	0	5926	0
\.


--
-- TOC entry 3477 (class 0 OID 16446)
-- Dependencies: 232
-- Data for Name: member_roles; Type: TABLE DATA; Schema: public; Owner: postgres
--

COPY public.member_roles (member_member_uid, roles) FROM stdin;
1	ROLE_USER
2	ROLE_USER
3	ROLE_USER
6	ROLE_USER
7	ROLE_USER
8	ROLE_USER
9	ROLE_USER
10	ROLE_USER
11	ROLE_USER
12	ROLE_USER
13	ROLE_USER
14	ROLE_USER
15	ROLE_USER
\.


--
-- TOC entry 3479 (class 0 OID 16450)
-- Dependencies: 234
-- Data for Name: verification_token; Type: TABLE DATA; Schema: public; Owner: postgres
--

COPY public.verification_token (token_uid, code, email, expires_at, used) FROM stdin;
1	4L08yJ8A	icj0103@naver.com	2025-08-07 15:36:37.820122	f
10	6XO36i66	herdboy0531@gmail.com	2025-08-10 03:44:33.993874	t
11	L5B5JfHN	icj0103@gmail.com	2025-08-10 04:19:35.160573	t
12	5k248BI3	micayell98@gmail.com	2025-08-10 07:35:19.889295	t
17	PjV7BX2n	qweiop2468@hanmail.net	2025-08-11 00:47:19.04114	t
18	gB183788	sangje112@naver.com	2025-08-12 07:51:13.975547	t
19	y4AvTP4c	marmong@naver.com	2025-08-14 07:35:16.626236	f
20	u11Ok741	marmong@naver.com	2025-08-14 07:35:17.793758	f
26	4567X6c2	yunbal12345@naver.com	2025-08-14 07:38:42.929475	t
29	A5r7p38q	zxcvting1@gmail.com	2025-08-14 07:39:50.527619	t
30	X31r6R0Z	icj0103@ajou.ac.kr	2025-08-15 10:52:50.904407	t
31	54d50312	micayell98@naver.com	2025-08-15 11:20:38.431407	f
32	013mT47X	micayell98@naver.com	2025-08-15 11:20:41.579781	t
33	bSS004h8	211788@jnu.ac.kr	2025-08-16 17:12:57.878332	t
34	80V2c2G6	admin1@naver.com	2025-08-16 13:19:24.636633	f
35	61gq6q66	qoghqls95@gmail.com	2025-08-16 13:31:10.976746	f
36	l07O273M	zz262zz@naver.com	2025-08-17 09:46:12.216674	f
37	2348sDZN	zz262zz@naver.com	2025-08-17 09:46:14.81894	t
38	h1eaR8d5	marmong9770@gmail.com	2025-08-17 09:47:39.306704	t
39	6pm665z5	202111612@jbnu.ac.kr	2025-08-17 14:19:36.959281	t
\.


--
-- TOC entry 3485 (class 0 OID 16542)
-- Dependencies: 240
-- Data for Name: yolo_file; Type: TABLE DATA; Schema: public; Owner: postgres
--

COPY public.yolo_file (yolo_file_uid, mod_dt, reg_dt, modified_by, registered_by, ext, name, path, type) FROM stdin;
1	\N	2025-08-12 11:49:07.385433	\N	\N	png	고양이_기본	https://pub-1b87520b13004863b6faad8458f37850.r2.dev/%EA%B3%A0%EC%96%91%EC%9D%B4_%EA%B8%B0%EB%B3%B8.png	item
2	\N	2025-08-12 11:49:07.385433	\N	\N	glb	고양이_기본_3D	https://pub-1b87520b13004863b6faad8458f37850.r2.dev/%EA%B3%A0%EC%96%91%EC%9D%B4_%EA%B8%B0%EB%B3%B8_3D.glb	item
3	\N	2025-08-12 11:49:07.385433	\N	\N	png	고양이_남자	https://pub-1b87520b13004863b6faad8458f37850.r2.dev/%EA%B3%A0%EC%96%91%EC%9D%B4_%EB%82%A8%EC%9E%90.png	item
4	\N	2025-08-12 11:49:07.385433	\N	\N	glb	고양이_남자_3D	https://pub-1b87520b13004863b6faad8458f37850.r2.dev/%EA%B3%A0%EC%96%91%EC%9D%B4_%EB%82%A8%EC%9E%90_3D.glb	item
5	\N	2025-08-12 11:49:07.385433	\N	\N	png	고양이_여자	https://pub-1b87520b13004863b6faad8458f37850.r2.dev/%EA%B3%A0%EC%96%91%EC%9D%B4_%EC%97%AC%EC%9E%90.png	item
6	\N	2025-08-12 11:49:07.385433	\N	\N	glb	고양이_여자_3D	https://pub-1b87520b13004863b6faad8458f37850.r2.dev/%EA%B3%A0%EC%96%91%EC%9D%B4_%EC%97%AC%EC%9E%90_3D.glb	item
7	\N	2025-08-12 11:49:07.385433	\N	\N	png	곰_기본	https://pub-1b87520b13004863b6faad8458f37850.r2.dev/%EA%B3%B0_%EA%B8%B0%EB%B3%B8.png	item
8	\N	2025-08-12 11:49:07.385433	\N	\N	glb	곰_기본_3D	https://pub-1b87520b13004863b6faad8458f37850.r2.dev/%EA%B3%B0_%EA%B8%B0%EB%B3%B8_3D.glb	item
9	\N	2025-08-12 11:49:07.385433	\N	\N	png	곰_남자	https://pub-1b87520b13004863b6faad8458f37850.r2.dev/%EA%B3%B0_%EB%82%A8%EC%9E%90.png	item
10	\N	2025-08-12 11:49:07.385433	\N	\N	glb	곰_남자_3D	https://pub-1b87520b13004863b6faad8458f37850.r2.dev/%EA%B3%B0_%EB%82%A8%EC%9E%90_3D.glb	item
11	\N	2025-08-12 11:49:07.385433	\N	\N	png	곰_여자	https://pub-1b87520b13004863b6faad8458f37850.r2.dev/%EA%B3%B0_%EC%97%AC%EC%9E%90.png	item
12	\N	2025-08-12 11:49:07.385433	\N	\N	glb	곰_여자_3D	https://pub-1b87520b13004863b6faad8458f37850.r2.dev/%EA%B3%B0_%EC%97%AC%EC%9E%90_3D.glb	item
13	\N	2025-08-12 11:49:07.385433	\N	\N	png	돌_기본	https://pub-1b87520b13004863b6faad8458f37850.r2.dev/%EB%8F%8C_%EA%B8%B0%EB%B3%B8.png	item
14	\N	2025-08-12 11:49:07.385433	\N	\N	glb	돌_기본_3D	https://pub-1b87520b13004863b6faad8458f37850.r2.dev/%EB%8F%8C_%EA%B8%B0%EB%B3%B8_3D.glb	item
15	\N	2025-08-12 11:49:07.385433	\N	\N	png	돌고래_기본	https://pub-1b87520b13004863b6faad8458f37850.r2.dev/%EB%8F%8C%EA%B3%A0%EB%9E%98_%EA%B8%B0%EB%B3%B8.png	item
16	\N	2025-08-12 11:49:07.385433	\N	\N	glb	돌고래_기본_3D	https://pub-1b87520b13004863b6faad8458f37850.r2.dev/%EB%8F%8C%EA%B3%A0%EB%9E%98_%EA%B8%B0%EB%B3%B8_3D.glb	item
17	\N	2025-08-12 11:49:07.385433	\N	\N	png	돌고래_남자	https://pub-1b87520b13004863b6faad8458f37850.r2.dev/%EB%8F%8C%EA%B3%A0%EB%9E%98-%EB%82%A8%EC%9E%90.png	item
18	\N	2025-08-12 11:49:07.385433	\N	\N	glb	돌고래_남자_3D	https://pub-1b87520b13004863b6faad8458f37850.r2.dev/%EB%8F%8C%EA%B3%A0%EB%9E%98_%EB%82%A8%EC%9E%90_3D.glb	item
19	\N	2025-08-12 11:49:07.385433	\N	\N	png	돌고래_여자	https://pub-1b87520b13004863b6faad8458f37850.r2.dev/%EB%8F%8C%EA%B3%A0%EB%9E%98_%EC%97%AC%EC%9E%90.png	item
20	\N	2025-08-12 11:49:07.385433	\N	\N	glb	돌고래_여자_3D	https://pub-1b87520b13004863b6faad8458f37850.r2.dev/%EB%8F%8C%EA%B3%A0%EB%9E%98_%EC%97%AC%EC%9E%90_3D.glb	item
21	\N	2025-08-12 11:49:07.385433	\N	\N	png	돌고래_병맛	https://pub-1b87520b13004863b6faad8458f37850.r2.dev/%EB%8F%8C%EA%B3%A0%EB%9E%98_%EB%B3%91%EB%A7%9B.png	item
22	\N	2025-08-12 11:49:07.385433	\N	\N	png	병아리_기본	https://pub-1b87520b13004863b6faad8458f37850.r2.dev/%EB%B3%91%EC%95%84%EB%A6%AC-%EA%B8%B0%EB%B3%B8.png	item
23	\N	2025-08-12 11:49:07.385433	\N	\N	glb	병아리_기본_3D	https://pub-1b87520b13004863b6faad8458f37850.r2.dev/%EB%B3%91%EC%95%84%EB%A6%AC_%EA%B8%B0%EB%B3%B8_3D.glb	item
24	\N	2025-08-12 11:49:07.385433	\N	\N	png	병아리_남자	https://pub-1b87520b13004863b6faad8458f37850.r2.dev/%EB%B3%91%EC%95%84%EB%A6%AC_%EB%82%A8%EC%9E%90.png	item
25	\N	2025-08-12 11:49:07.385433	\N	\N	glb	병아리_남자_3D	https://pub-1b87520b13004863b6faad8458f37850.r2.dev/%EB%B3%91%EC%95%84%EB%A6%AC_%EB%82%A8%EC%9E%90_3D.glb	item
26	\N	2025-08-12 11:49:07.385433	\N	\N	png	병아리_여자	https://pub-1b87520b13004863b6faad8458f37850.r2.dev/%EB%B3%91%EC%95%84%EB%A6%AC_%EC%97%AC%EC%9E%90.png	item
27	\N	2025-08-12 11:49:07.385433	\N	\N	glb	병아리_여자_3D	https://pub-1b87520b13004863b6faad8458f37850.r2.dev/%EB%B3%91%EC%95%84%EB%A6%AC_%EC%97%AC%EC%9E%90_3D.glb	item
28	\N	2025-08-12 11:49:07.385433	\N	\N	png	우파루파_기본	https://pub-1b87520b13004863b6faad8458f37850.r2.dev/%EC%9A%B0%ED%8C%8C%EB%A3%A8%ED%8C%8C-%EA%B8%B0%EB%B3%B8.png	item
29	\N	2025-08-12 11:49:07.385433	\N	\N	glb	우파루파_기본_3D	https://pub-1b87520b13004863b6faad8458f37850.r2.dev/%EC%9A%B0%ED%8C%8C%EB%A3%A8%ED%8C%8C_%EA%B8%B0%EB%B3%B8_3D.glb	item
30	\N	2025-08-12 11:49:07.385433	\N	\N	png	토끼_기본	https://pub-1b87520b13004863b6faad8458f37850.r2.dev/%ED%86%A0%EB%81%BC_%EA%B8%B0%EB%B3%B8.png	item
31	\N	2025-08-12 11:49:07.385433	\N	\N	glb	토끼_기본_3D	https://pub-1b87520b13004863b6faad8458f37850.r2.dev/%ED%86%A0%EB%81%BC_%EA%B8%B0%EB%B3%B8_3D.glb	item
32	\N	2025-08-12 11:49:07.385433	\N	\N	png	토끼_남자	https://pub-1b87520b13004863b6faad8458f37850.r2.dev/%ED%86%A0%EB%81%BC_%EB%82%A8%EC%9E%90.png	item
33	\N	2025-08-12 11:49:07.385433	\N	\N	glb	토끼_남자_3D	https://pub-1b87520b13004863b6faad8458f37850.r2.dev/%ED%86%A0%EB%81%BC_%EB%82%A8%EC%9E%90_3D.glb	item
34	\N	2025-08-12 11:49:07.385433	\N	\N	png	토끼_여자	https://pub-1b87520b13004863b6faad8458f37850.r2.dev/%ED%86%A0%EB%81%BC_%EC%97%AC%EC%9E%90.png	item
35	\N	2025-08-12 11:49:07.385433	\N	\N	glb	토끼_여자_3D	https://pub-1b87520b13004863b6faad8458f37850.r2.dev/%ED%86%A0%EB%81%BC_%EC%97%AC%EC%9E%90_3D.glb	item
36	\N	2025-08-13 11:50:41.163886	\N	\N	png	Blue_tit	https://pub-1b87520b13004863b6faad8458f37850.r2.dev/Blue_tit.png	item
37	\N	2025-08-13 11:50:41.163886	\N	\N	png	Red_tit	https://pub-1b87520b13004863b6faad8458f37850.r2.dev/Red_tit.png	item
38	\N	2025-08-13 11:50:41.163886	\N	\N	png	Cloud_tit	https://pub-1b87520b13004863b6faad8458f37850.r2.dev/Cloud_tit.png	item
39	\N	2025-08-13 11:50:41.163886	\N	\N	png	Yellow_tit	https://pub-1b87520b13004863b6faad8458f37850.r2.dev/Yellow_tit.png	item
40	\N	2025-08-13 11:50:41.163886	\N	\N	png	Star_tit	https://pub-1b87520b13004863b6faad8458f37850.r2.dev/Star_tit.png	item
41	\N	2025-08-13 11:50:41.163886	\N	\N	png	Flower_tit	https://pub-1b87520b13004863b6faad8458f37850.r2.dev/Flower_tit.png	item
42	\N	2025-08-13 11:50:41.163886	\N	\N	png	Lightning_tit	https://pub-1b87520b13004863b6faad8458f37850.r2.dev/Lightning_tit.png	item
\.


--
-- TOC entry 3538 (class 0 OID 0)
-- Dependencies: 217
-- Name: achievement_achievement_uid_seq; Type: SEQUENCE SET; Schema: public; Owner: postgres
--

SELECT pg_catalog.setval('public.achievement_achievement_uid_seq', 18, true);


--
-- TOC entry 3539 (class 0 OID 0)
-- Dependencies: 219
-- Name: achievement_member_achievement_member_id_seq; Type: SEQUENCE SET; Schema: public; Owner: postgres
--

SELECT pg_catalog.setval('public.achievement_member_achievement_member_id_seq', 14, true);


--
-- TOC entry 3540 (class 0 OID 0)
-- Dependencies: 221
-- Name: blocked_member_blocked_member_uid_seq; Type: SEQUENCE SET; Schema: public; Owner: postgres
--

SELECT pg_catalog.setval('public.blocked_member_blocked_member_uid_seq', 3, true);


--
-- TOC entry 3541 (class 0 OID 0)
-- Dependencies: 235
-- Name: day_day_uid_seq; Type: SEQUENCE SET; Schema: public; Owner: postgres
--

SELECT pg_catalog.setval('public.day_day_uid_seq', 58, true);


--
-- TOC entry 3542 (class 0 OID 0)
-- Dependencies: 223
-- Name: friend_friend_uid_seq; Type: SEQUENCE SET; Schema: public; Owner: postgres
--

SELECT pg_catalog.setval('public.friend_friend_uid_seq', 51, true);


--
-- TOC entry 3543 (class 0 OID 0)
-- Dependencies: 241
-- Name: inventory_inventory_uid_seq; Type: SEQUENCE SET; Schema: public; Owner: postgres
--

SELECT pg_catalog.setval('public.inventory_inventory_uid_seq', 1, false);


--
-- TOC entry 3544 (class 0 OID 0)
-- Dependencies: 237
-- Name: item_file_item_file_uid_seq; Type: SEQUENCE SET; Schema: public; Owner: postgres
--

SELECT pg_catalog.setval('public.item_file_item_file_uid_seq', 42, true);


--
-- TOC entry 3545 (class 0 OID 0)
-- Dependencies: 225
-- Name: item_item_uid_seq; Type: SEQUENCE SET; Schema: public; Owner: postgres
--

SELECT pg_catalog.setval('public.item_item_uid_seq', 43, true);


--
-- TOC entry 3546 (class 0 OID 0)
-- Dependencies: 228
-- Name: item_member_item_member_uid_seq; Type: SEQUENCE SET; Schema: public; Owner: postgres
--

SELECT pg_catalog.setval('public.item_member_item_member_uid_seq', 51, true);


--
-- TOC entry 3547 (class 0 OID 0)
-- Dependencies: 230
-- Name: member_member_uid_seq; Type: SEQUENCE SET; Schema: public; Owner: postgres
--

SELECT pg_catalog.setval('public.member_member_uid_seq', 15, true);


--
-- TOC entry 3548 (class 0 OID 0)
-- Dependencies: 233
-- Name: verification_token_token_uid_seq; Type: SEQUENCE SET; Schema: public; Owner: postgres
--

SELECT pg_catalog.setval('public.verification_token_token_uid_seq', 39, true);


--
-- TOC entry 3549 (class 0 OID 0)
-- Dependencies: 239
-- Name: yolo_file_yolo_file_uid_seq; Type: SEQUENCE SET; Schema: public; Owner: postgres
--

SELECT pg_catalog.setval('public.yolo_file_yolo_file_uid_seq', 42, true);


--
-- TOC entry 3278 (class 2606 OID 16402)
-- Name: achievement_member achievement_member_pkey; Type: CONSTRAINT; Schema: public; Owner: postgres
--

ALTER TABLE ONLY public.achievement_member
    ADD CONSTRAINT achievement_member_pkey PRIMARY KEY (achievement_member_id);


--
-- TOC entry 3274 (class 2606 OID 16396)
-- Name: achievement achievement_pkey; Type: CONSTRAINT; Schema: public; Owner: postgres
--

ALTER TABLE ONLY public.achievement
    ADD CONSTRAINT achievement_pkey PRIMARY KEY (achievement_uid);


--
-- TOC entry 3280 (class 2606 OID 16408)
-- Name: blocked_member blocked_member_pkey; Type: CONSTRAINT; Schema: public; Owner: postgres
--

ALTER TABLE ONLY public.blocked_member
    ADD CONSTRAINT blocked_member_pkey PRIMARY KEY (blocked_member_uid);


--
-- TOC entry 3294 (class 2606 OID 16529)
-- Name: day day_pkey; Type: CONSTRAINT; Schema: public; Owner: postgres
--

ALTER TABLE ONLY public.day
    ADD CONSTRAINT day_pkey PRIMARY KEY (day_uid);


--
-- TOC entry 3282 (class 2606 OID 16414)
-- Name: friend friend_pkey; Type: CONSTRAINT; Schema: public; Owner: postgres
--

ALTER TABLE ONLY public.friend
    ADD CONSTRAINT friend_pkey PRIMARY KEY (friend_uid);


--
-- TOC entry 3300 (class 2606 OID 16571)
-- Name: inventory inventory_pkey; Type: CONSTRAINT; Schema: public; Owner: postgres
--

ALTER TABLE ONLY public.inventory
    ADD CONSTRAINT inventory_pkey PRIMARY KEY (inventory_uid);


--
-- TOC entry 3286 (class 2606 OID 16431)
-- Name: item_category item_category_pkey; Type: CONSTRAINT; Schema: public; Owner: postgres
--

ALTER TABLE ONLY public.item_category
    ADD CONSTRAINT item_category_pkey PRIMARY KEY (category_code);


--
-- TOC entry 3296 (class 2606 OID 16540)
-- Name: item_file item_file_pkey; Type: CONSTRAINT; Schema: public; Owner: postgres
--

ALTER TABLE ONLY public.item_file
    ADD CONSTRAINT item_file_pkey PRIMARY KEY (item_file_uid);


--
-- TOC entry 3288 (class 2606 OID 16437)
-- Name: item_member item_member_pkey; Type: CONSTRAINT; Schema: public; Owner: postgres
--

ALTER TABLE ONLY public.item_member
    ADD CONSTRAINT item_member_pkey PRIMARY KEY (item_member_uid);


--
-- TOC entry 3284 (class 2606 OID 16426)
-- Name: item item_pkey; Type: CONSTRAINT; Schema: public; Owner: postgres
--

ALTER TABLE ONLY public.item
    ADD CONSTRAINT item_pkey PRIMARY KEY (item_uid);


--
-- TOC entry 3290 (class 2606 OID 16445)
-- Name: member member_pkey; Type: CONSTRAINT; Schema: public; Owner: postgres
--

ALTER TABLE ONLY public.member
    ADD CONSTRAINT member_pkey PRIMARY KEY (member_uid);


--
-- TOC entry 3276 (class 2606 OID 16458)
-- Name: achievement uk3nikhvco7h4j0fj3wk15i10rp; Type: CONSTRAINT; Schema: public; Owner: postgres
--

ALTER TABLE ONLY public.achievement
    ADD CONSTRAINT uk3nikhvco7h4j0fj3wk15i10rp UNIQUE (item_id);


--
-- TOC entry 3292 (class 2606 OID 16456)
-- Name: verification_token verification_token_pkey; Type: CONSTRAINT; Schema: public; Owner: postgres
--

ALTER TABLE ONLY public.verification_token
    ADD CONSTRAINT verification_token_pkey PRIMARY KEY (token_uid);


--
-- TOC entry 3298 (class 2606 OID 16548)
-- Name: yolo_file yolo_file_pkey; Type: CONSTRAINT; Schema: public; Owner: postgres
--

ALTER TABLE ONLY public.yolo_file
    ADD CONSTRAINT yolo_file_pkey PRIMARY KEY (yolo_file_uid);


--
-- TOC entry 3311 (class 2606 OID 16519)
-- Name: member_roles fk7doq30o76wuuxf00wviewt55i; Type: FK CONSTRAINT; Schema: public; Owner: postgres
--

ALTER TABLE ONLY public.member_roles
    ADD CONSTRAINT fk7doq30o76wuuxf00wviewt55i FOREIGN KEY (member_member_uid) REFERENCES public.member(member_uid);


--
-- TOC entry 3313 (class 2606 OID 16549)
-- Name: item_file fk7hbtame3a5gsh6v7d5scge37p; Type: FK CONSTRAINT; Schema: public; Owner: postgres
--

ALTER TABLE ONLY public.item_file
    ADD CONSTRAINT fk7hbtame3a5gsh6v7d5scge37p FOREIGN KEY (item_id) REFERENCES public.item(item_uid);


--
-- TOC entry 3308 (class 2606 OID 16504)
-- Name: item fkasph99xmslm0pmfyyc8ga2iyr; Type: FK CONSTRAINT; Schema: public; Owner: postgres
--

ALTER TABLE ONLY public.item
    ADD CONSTRAINT fkasph99xmslm0pmfyyc8ga2iyr FOREIGN KEY (item_category_id) REFERENCES public.item_category(category_code);


--
-- TOC entry 3302 (class 2606 OID 16469)
-- Name: achievement_member fkcrlp3ms3h18ohqr6e4k82ucey; Type: FK CONSTRAINT; Schema: public; Owner: postgres
--

ALTER TABLE ONLY public.achievement_member
    ADD CONSTRAINT fkcrlp3ms3h18ohqr6e4k82ucey FOREIGN KEY (member_id) REFERENCES public.member(member_uid);


--
-- TOC entry 3312 (class 2606 OID 16530)
-- Name: day fkdcwrxeptwg3ibqrboyt2t85fg; Type: FK CONSTRAINT; Schema: public; Owner: postgres
--

ALTER TABLE ONLY public.day
    ADD CONSTRAINT fkdcwrxeptwg3ibqrboyt2t85fg FOREIGN KEY (member_id) REFERENCES public.member(member_uid);


--
-- TOC entry 3309 (class 2606 OID 16514)
-- Name: item_member fkf8vb4cc4ytdtqdivyan4o3bto; Type: FK CONSTRAINT; Schema: public; Owner: postgres
--

ALTER TABLE ONLY public.item_member
    ADD CONSTRAINT fkf8vb4cc4ytdtqdivyan4o3bto FOREIGN KEY (member_id) REFERENCES public.member(member_uid);


--
-- TOC entry 3306 (class 2606 OID 16489)
-- Name: friend fkfbs5r5rvm2cpx00ndcs4tgc41; Type: FK CONSTRAINT; Schema: public; Owner: postgres
--

ALTER TABLE ONLY public.friend
    ADD CONSTRAINT fkfbs5r5rvm2cpx00ndcs4tgc41 FOREIGN KEY (sender_id) REFERENCES public.member(member_uid);


--
-- TOC entry 3310 (class 2606 OID 16509)
-- Name: item_member fkfn5iljrkw7e1nt81x9sq48pcg; Type: FK CONSTRAINT; Schema: public; Owner: postgres
--

ALTER TABLE ONLY public.item_member
    ADD CONSTRAINT fkfn5iljrkw7e1nt81x9sq48pcg FOREIGN KEY (item_id) REFERENCES public.item(item_uid);


--
-- TOC entry 3307 (class 2606 OID 16484)
-- Name: friend fkha6sralpdhol9fskpexcm8njl; Type: FK CONSTRAINT; Schema: public; Owner: postgres
--

ALTER TABLE ONLY public.friend
    ADD CONSTRAINT fkha6sralpdhol9fskpexcm8njl FOREIGN KEY (receiver_id) REFERENCES public.member(member_uid);


--
-- TOC entry 3314 (class 2606 OID 16554)
-- Name: item_file fko3kp1coi1ancxxnr46c21f9gn; Type: FK CONSTRAINT; Schema: public; Owner: postgres
--

ALTER TABLE ONLY public.item_file
    ADD CONSTRAINT fko3kp1coi1ancxxnr46c21f9gn FOREIGN KEY (yolo_file_id) REFERENCES public.yolo_file(yolo_file_uid);


--
-- TOC entry 3315 (class 2606 OID 16577)
-- Name: inventory fkp743m73qaot2ayby1upr6sgd0; Type: FK CONSTRAINT; Schema: public; Owner: postgres
--

ALTER TABLE ONLY public.inventory
    ADD CONSTRAINT fkp743m73qaot2ayby1upr6sgd0 FOREIGN KEY (member_id) REFERENCES public.member(member_uid);


--
-- TOC entry 3304 (class 2606 OID 16474)
-- Name: blocked_member fkqg2j5xse6xc0e28p7oqfw2pkb; Type: FK CONSTRAINT; Schema: public; Owner: postgres
--

ALTER TABLE ONLY public.blocked_member
    ADD CONSTRAINT fkqg2j5xse6xc0e28p7oqfw2pkb FOREIGN KEY (blocked_id) REFERENCES public.member(member_uid);


--
-- TOC entry 3301 (class 2606 OID 16459)
-- Name: achievement fkqug7w2mpspdmjdhhh9p36t9rw; Type: FK CONSTRAINT; Schema: public; Owner: postgres
--

ALTER TABLE ONLY public.achievement
    ADD CONSTRAINT fkqug7w2mpspdmjdhhh9p36t9rw FOREIGN KEY (item_id) REFERENCES public.item(item_uid);


--
-- TOC entry 3316 (class 2606 OID 16572)
-- Name: inventory fkrflym5lxj6xhmu4ok3ohmun5a; Type: FK CONSTRAINT; Schema: public; Owner: postgres
--

ALTER TABLE ONLY public.inventory
    ADD CONSTRAINT fkrflym5lxj6xhmu4ok3ohmun5a FOREIGN KEY (item_id) REFERENCES public.item(item_uid);


--
-- TOC entry 3303 (class 2606 OID 16464)
-- Name: achievement_member fkshj4s8oevrcqf0d6hnj438up2; Type: FK CONSTRAINT; Schema: public; Owner: postgres
--

ALTER TABLE ONLY public.achievement_member
    ADD CONSTRAINT fkshj4s8oevrcqf0d6hnj438up2 FOREIGN KEY (achievement_id) REFERENCES public.achievement(achievement_uid);


--
-- TOC entry 3305 (class 2606 OID 16479)
-- Name: blocked_member fktqjlr8fb4c9005ehvt3jg20yw; Type: FK CONSTRAINT; Schema: public; Owner: postgres
--

ALTER TABLE ONLY public.blocked_member
    ADD CONSTRAINT fktqjlr8fb4c9005ehvt3jg20yw FOREIGN KEY (blocker_id) REFERENCES public.member(member_uid);


-- Completed on 2025-08-18 02:18:32

--
-- PostgreSQL database dump complete
--

